iso_code,location,date,total_cases,new_cases,new_cases_smoothed,total_deaths,new_deaths,new_deaths_smoothed,total_cases_per_million,new_cases_per_million,new_cases_smoothed_per_million,total_deaths_per_million,new_deaths_per_million,reproduction_rate,icu_patients_per_million
PHL,Philippines,30/01/2020,1,1,,,,,0.009,0.009,,,,,
PHL,Philippines,31/01/2020,1,0,,,,,0.009,0,,,,,
PHL,Philippines,01/02/2020,1,0,,,,,0.009,0,,,,,
PHL,Philippines,02/02/2020,2,1,,1,1,,0.018,0.009,,0.009,0.009,,
PHL,Philippines,03/02/2020,2,0,,1,0,,0.018,0,,0.009,0,,
PHL,Philippines,04/02/2020,2,0,0.286,1,0,,0.018,0,0.003,0.009,0,,
PHL,Philippines,05/02/2020,2,0,0.286,1,0,,0.018,0,0.003,0.009,0,,
PHL,Philippines,06/02/2020,2,0,0.143,1,0,,0.018,0,0.001,0.009,0,,
PHL,Philippines,07/02/2020,3,1,0.286,1,0,0.143,0.027,0.009,0.003,0.009,0,0.001,
PHL,Philippines,08/02/2020,3,0,0.286,1,0,0.143,0.027,0,0.003,0.009,0,0.001,
PHL,Philippines,09/02/2020,3,0,0.143,1,0,0,0.027,0,0.001,0.009,0,0,
PHL,Philippines,10/02/2020,3,0,0.143,1,0,0,0.027,0,0.001,0.009,0,0,
PHL,Philippines,11/02/2020,3,0,0.143,1,0,0,0.027,0,0.001,0.009,0,0,
PHL,Philippines,12/02/2020,3,0,0.143,1,0,0,0.027,0,0.001,0.009,0,0,
PHL,Philippines,13/02/2020,3,0,0.143,1,0,0,0.027,0,0.001,0.009,0,0,
PHL,Philippines,14/02/2020,3,0,0,1,0,0,0.027,0,0,0.009,0,0,
PHL,Philippines,15/02/2020,3,0,0,1,0,0,0.027,0,0,0.009,0,0,
PHL,Philippines,16/02/2020,3,0,0,1,0,0,0.027,0,0,0.009,0,0,
PHL,Philippines,17/02/2020,3,0,0,1,0,0,0.027,0,0,0.009,0,0,
PHL,Philippines,18/02/2020,3,0,0,1,0,0,0.027,0,0,0.009,0,0,
PHL,Philippines,19/02/2020,3,0,0,1,0,0,0.027,0,0,0.009,0,0,
PHL,Philippines,20/02/2020,3,0,0,1,0,0,0.027,0,0,0.009,0,0,
PHL,Philippines,21/02/2020,3,0,0,1,0,0,0.027,0,0,0.009,0,0,
PHL,Philippines,22/02/2020,3,0,0,1,0,0,0.027,0,0,0.009,0,0,
PHL,Philippines,23/02/2020,3,0,0,1,0,0,0.027,0,0,0.009,0,0,
PHL,Philippines,24/02/2020,3,0,0,1,0,0,0.027,0,0,0.009,0,0,
PHL,Philippines,25/02/2020,3,0,0,1,0,0,0.027,0,0,0.009,0,0,
PHL,Philippines,26/02/2020,3,0,0,1,0,0,0.027,0,0,0.009,0,0,
PHL,Philippines,27/02/2020,3,0,0,1,0,0,0.027,0,0,0.009,0,0,
PHL,Philippines,28/02/2020,3,0,0,1,0,0,0.027,0,0,0.009,0,0,
PHL,Philippines,29/02/2020,3,0,0,1,0,0,0.027,0,0,0.009,0,0,
PHL,Philippines,01/03/2020,3,0,0,1,0,0,0.027,0,0,0.009,0,0,
PHL,Philippines,02/03/2020,3,0,0,1,0,0,0.027,0,0,0.009,0,0,
PHL,Philippines,03/03/2020,3,0,0,1,0,0,0.027,0,0,0.009,0,0,
PHL,Philippines,04/03/2020,3,0,0,1,0,0,0.027,0,0,0.009,0,0,
PHL,Philippines,05/03/2020,3,0,0,1,0,0,0.027,0,0,0.009,0,0,
PHL,Philippines,06/03/2020,5,2,0.286,1,0,0,0.045,0.018,0.003,0.009,0,0,
PHL,Philippines,07/03/2020,6,1,0.429,1,0,0,0.054,0.009,0.004,0.009,0,0,
PHL,Philippines,08/03/2020,10,4,1,1,0,0,0.09,0.036,0.009,0.009,0,0,
PHL,Philippines,09/03/2020,20,10,2.429,1,0,0,0.18,0.09,0.022,0.009,0,0,
PHL,Philippines,10/03/2020,33,13,4.286,1,0,0,0.297,0.117,0.039,0.009,0,0,
PHL,Philippines,11/03/2020,49,16,6.571,1,0,0,0.441,0.144,0.059,0.009,0,0,
PHL,Philippines,12/03/2020,52,3,7,2,1,0.143,0.468,0.027,0.063,0.018,0.009,0.001,
PHL,Philippines,13/03/2020,64,12,8.429,5,3,0.571,0.576,0.108,0.076,0.045,0.027,0.005,
PHL,Philippines,14/03/2020,111,47,15,8,3,1,1,0.423,0.135,0.072,0.027,0.009,
PHL,Philippines,15/03/2020,140,29,18.571,11,3,1.429,1.261,0.261,0.167,0.099,0.027,0.013,1.46
PHL,Philippines,16/03/2020,142,2,17.429,12,1,1.571,1.279,0.018,0.157,0.108,0.009,0.014,1.41
PHL,Philippines,17/03/2020,187,45,22,12,0,1.571,1.684,0.405,0.198,0.108,0,0.014,1.57
PHL,Philippines,18/03/2020,202,15,21.857,19,7,2.571,1.819,0.135,0.197,0.171,0.063,0.023,1.54
PHL,Philippines,19/03/2020,217,15,23.571,17,,,1.954,0.135,0.212,0.153,,,1.62
PHL,Philippines,20/03/2020,230,13,23.714,18,1,2.143,2.071,0.117,0.214,0.162,0.009,0.019,1.87
PHL,Philippines,21/03/2020,307,77,28,19,1,1.857,2.765,0.693,0.252,0.171,0.009,0.017,2.31
PHL,Philippines,22/03/2020,380,73,34.286,25,6,2.286,3.422,0.657,0.309,0.225,0.054,0.021,2.38
PHL,Philippines,23/03/2020,462,82,45.714,33,8,3.286,4.16,0.738,0.412,0.297,0.072,0.03,2.39
PHL,Philippines,24/03/2020,552,90,52.143,35,2,3.571,4.971,0.81,0.47,0.315,0.018,0.032,2.21
PHL,Philippines,25/03/2020,636,84,62,38,3,3,5.727,0.756,0.558,0.342,0.027,0.027,2.22
PHL,Philippines,26/03/2020,707,71,70,45,7,4,6.367,0.639,0.63,0.405,0.063,0.036,2.24
PHL,Philippines,27/03/2020,803,96,81.857,54,9,5.143,7.231,0.864,0.737,0.486,0.081,0.046,2.45
PHL,Philippines,28/03/2020,1075,272,109.714,68,14,7,9.681,2.449,0.988,0.612,0.126,0.063,2.74
PHL,Philippines,29/03/2020,1418,343,148.286,71,3,6.571,12.769,3.089,1.335,0.639,0.027,0.059,2.7
PHL,Philippines,30/03/2020,1546,128,154.857,78,7,6.429,13.922,1.153,1.395,0.702,0.063,0.058,2.41
PHL,Philippines,31/03/2020,2084,538,218.857,88,10,7.571,18.767,4.845,1.971,0.792,0.09,0.068,2.43
PHL,Philippines,01/04/2020,2311,227,239.286,96,8,8.286,20.811,2.044,2.155,0.864,0.072,0.075,2.06
PHL,Philippines,02/04/2020,2633,322,275.143,107,11,8.857,23.711,2.9,2.478,0.964,0.099,0.08,1.81
PHL,Philippines,03/04/2020,3018,385,316.429,136,29,11.714,27.178,3.467,2.85,1.225,0.261,0.105,1.54
PHL,Philippines,04/04/2020,3094,76,288.429,144,8,10.857,27.862,0.684,2.597,1.297,0.072,0.098,1.11
PHL,Philippines,05/04/2020,3246,152,261.143,152,8,11.571,29.231,1.369,2.352,1.369,0.072,0.104,1.04
PHL,Philippines,06/04/2020,3660,414,302,163,11,12.143,32.959,3.728,2.72,1.468,0.099,0.109,1.14
PHL,Philippines,07/04/2020,3764,104,240,177,14,12.714,33.896,0.937,2.161,1.594,0.126,0.114,0.92
PHL,Philippines,08/04/2020,3870,106,222.714,182,5,12.286,34.85,0.955,2.006,1.639,0.045,0.111,0.93
PHL,Philippines,09/04/2020,4076,206,206.143,203,21,13.714,36.705,1.855,1.856,1.828,0.189,0.123,0.97
PHL,Philippines,10/04/2020,4195,119,168.143,221,18,12.143,37.777,1.072,1.514,1.99,0.162,0.109,0.96
PHL,Philippines,11/04/2020,4428,233,190.571,247,26,14.714,39.875,2.098,1.716,2.224,0.234,0.133,1.01
PHL,Philippines,12/04/2020,4648,220,200.286,297,50,20.714,41.856,1.981,1.804,2.675,0.45,0.187,1.07
PHL,Philippines,13/04/2020,4932,284,181.714,315,18,21.714,44.414,2.557,1.636,2.837,0.162,0.196,1.16
PHL,Philippines,14/04/2020,5223,291,208.429,335,20,22.571,47.034,2.621,1.877,3.017,0.18,0.203,1.16
PHL,Philippines,15/04/2020,5453,230,226.143,349,14,23.857,49.105,2.071,2.036,3.143,0.126,0.215,1.13
PHL,Philippines,16/04/2020,5660,207,226.286,362,13,22.714,50.969,1.864,2.038,3.26,0.117,0.205,1.06
PHL,Philippines,17/04/2020,5878,218,240.429,387,25,23.714,52.933,1.963,2.165,3.485,0.225,0.214,1
PHL,Philippines,18/04/2020,6087,209,237,397,10,21.429,54.815,1.882,2.134,3.575,0.09,0.193,0.91
PHL,Philippines,19/04/2020,6259,172,230.143,409,12,16,56.364,1.549,2.072,3.683,0.108,0.144,0.84
PHL,Philippines,20/04/2020,6459,200,218.143,428,19,16.143,58.165,1.801,1.964,3.854,0.171,0.145,0.86
PHL,Philippines,21/04/2020,6599,140,196.571,437,9,14.571,59.425,1.261,1.77,3.935,0.081,0.131,0.85
PHL,Philippines,22/04/2020,6710,111,179.571,446,9,13.857,60.425,1,1.617,4.016,0.081,0.125,0.92
PHL,Philippines,23/04/2020,6981,271,188.714,462,16,14.286,62.865,2.44,1.699,4.16,0.144,0.129,1.03
PHL,Philippines,24/04/2020,7192,211,187.714,477,15,12.857,64.765,1.9,1.69,4.295,0.135,0.116,1.01
PHL,Philippines,25/04/2020,7294,102,172.429,494,17,13.857,65.684,0.919,1.553,4.449,0.153,0.125,0.96
PHL,Philippines,26/04/2020,7579,285,188.571,501,7,13.143,68.25,2.566,1.698,4.512,0.063,0.118,1.05
PHL,Philippines,27/04/2020,7777,198,188.286,511,10,11.857,70.033,1.783,1.696,4.602,0.09,0.107,1.06
PHL,Philippines,28/04/2020,7958,181,194.143,530,19,13.286,71.663,1.63,1.748,4.773,0.171,0.12,1.09
PHL,Philippines,29/04/2020,8212,254,214.571,558,28,16,73.951,2.287,1.932,5.025,0.252,0.144,1.18
PHL,Philippines,30/04/2020,8488,276,215.286,568,10,15.143,76.436,2.485,1.939,5.115,0.09,0.136,1.2
PHL,Philippines,01/05/2020,8772,284,225.714,579,11,14.571,78.994,2.557,2.033,5.214,0.099,0.131,1.17
PHL,Philippines,02/05/2020,8928,156,233.429,603,24,15.571,80.398,1.405,2.102,5.43,0.216,0.14,1.08
PHL,Philippines,03/05/2020,9223,295,234.857,607,4,15.143,83.055,2.657,2.115,5.466,0.036,0.136,1.1
PHL,Philippines,04/05/2020,9485,262,244,623,16,16,85.414,2.359,2.197,5.61,0.144,0.144,1.1
PHL,Philippines,05/05/2020,9684,199,246.571,637,14,15.286,87.206,1.792,2.22,5.736,0.126,0.138,1.1
PHL,Philippines,06/05/2020,10004,320,256,658,21,14.286,90.088,2.882,2.305,5.925,0.189,0.129,1.14
PHL,Philippines,07/05/2020,10343,339,265,685,27,16.714,93.141,3.053,2.386,6.169,0.243,0.151,1.08
PHL,Philippines,08/05/2020,10463,120,241.571,696,11,16.714,94.221,1.081,2.175,6.268,0.099,0.151,0.92
PHL,Philippines,09/05/2020,10610,147,240.286,704,8,14.429,95.545,1.324,2.164,6.34,0.072,0.13,0.89
PHL,Philippines,10/05/2020,10794,184,224.429,719,15,16,97.202,1.657,2.021,6.475,0.135,0.144,0.93
PHL,Philippines,11/05/2020,11086,292,228.714,726,7,14.714,99.832,2.63,2.06,6.538,0.063,0.133,1.05
PHL,Philippines,12/05/2020,11350,264,238,751,25,16.286,102.209,2.377,2.143,6.763,0.225,0.147,1.09
PHL,Philippines,13/05/2020,11618,268,230.571,772,21,16.286,104.622,2.413,2.076,6.952,0.189,0.147,1.08
PHL,Philippines,14/05/2020,11876,258,219,790,18,15,106.946,2.323,1.972,7.114,0.162,0.135,1.04
PHL,Philippines,15/05/2020,12091,215,232.571,806,16,15.714,108.882,1.936,2.094,7.258,0.144,0.142,0.98
PHL,Philippines,16/05/2020,12305,214,242.143,817,11,16.143,110.809,1.927,2.181,7.357,0.099,0.145,0.95
PHL,Philippines,17/05/2020,12513,208,245.571,824,7,15,112.682,1.873,2.211,7.42,0.063,0.135,0.92
PHL,Philippines,18/05/2020,12718,205,233.143,831,7,15,114.528,1.846,2.099,7.483,0.063,0.135,0.95
PHL,Philippines,19/05/2020,12942,224,227.429,837,6,12.286,116.545,2.017,2.048,7.537,0.054,0.111,1
PHL,Philippines,20/05/2020,13221,279,229,842,5,10,119.058,2.512,2.062,7.582,0.045,0.09,1.03
PHL,Philippines,21/05/2020,13434,213,222.571,846,4,8,120.976,1.918,2.004,7.618,0.036,0.072,0.99
PHL,Philippines,22/05/2020,13597,163,215.143,857,11,7.286,122.444,1.468,1.937,7.717,0.099,0.066,0.97
PHL,Philippines,23/05/2020,13777,180,210.286,863,6,6.571,124.065,1.621,1.894,7.771,0.054,0.059,1.04
PHL,Philippines,24/05/2020,14035,258,217.429,868,5,6.286,126.388,2.323,1.958,7.817,0.045,0.057,1.18
PHL,Philippines,25/05/2020,14319,284,228.714,873,5,6,128.946,2.557,2.06,7.862,0.045,0.054,1.35
PHL,Philippines,26/05/2020,14669,350,246.714,886,13,7,132.097,3.152,2.222,7.979,0.117,0.063,1.53
PHL,Philippines,27/05/2020,15049,380,261.143,904,18,8.857,135.519,3.422,2.352,8.141,0.162,0.08,1.69
PHL,Philippines,28/05/2020,15588,539,307.714,921,17,10.714,140.373,4.854,2.771,8.294,0.153,0.096,1.9
PHL,Philippines,29/05/2020,16634,1046,433.857,942,21,12.143,149.793,9.419,3.907,8.483,0.189,0.109,2.04
PHL,Philippines,30/05/2020,17224,590,492.429,950,8,12.429,155.106,5.313,4.434,8.555,0.072,0.112,1.79
PHL,Philippines,31/05/2020,18086,862,578.714,957,7,12.714,162.868,7.762,5.211,8.618,0.063,0.114,1.63
PHL,Philippines,01/06/2020,18638,552,617,960,3,12.429,167.839,4.971,5.556,8.645,0.027,0.112,1.41
PHL,Philippines,02/06/2020,18997,359,618.286,966,6,11.429,171.072,3.233,5.568,8.699,0.054,0.103,1.26
PHL,Philippines,03/06/2020,19748,751,671.286,974,8,10,177.835,6.763,6.045,8.771,0.072,0.09,1.25
PHL,Philippines,04/06/2020,20382,634,684.857,984,10,9,183.544,5.709,6.167,8.861,0.09,0.081,1.16
PHL,Philippines,05/06/2020,20626,244,570.286,987,3,6.429,185.741,2.197,5.136,8.888,0.027,0.058,1.03
PHL,Philippines,06/06/2020,21340,714,588,994,7,6.286,192.171,6.43,5.295,8.951,0.063,0.057,1.1
PHL,Philippines,07/06/2020,21895,555,544.143,1003,9,6.571,197.169,4.998,4.9,9.032,0.081,0.059,1.08
PHL,Philippines,08/06/2020,22474,579,548,1011,8,7.286,202.383,5.214,4.935,9.104,0.072,0.066,1.09
PHL,Philippines,09/06/2020,22992,518,570.714,1017,6,7.286,207.048,4.665,5.139,9.158,0.054,0.066,1.1
PHL,Philippines,10/06/2020,23732,740,569.143,1027,10,7.571,213.711,6.664,5.125,9.248,0.09,0.068,1.11
PHL,Philippines,11/06/2020,24175,443,541.857,1036,9,7.429,217.701,3.989,4.88,9.329,0.081,0.067,1.04
PHL,Philippines,12/06/2020,24787,612,594.429,1052,16,9.286,223.212,5.511,5.353,9.473,0.144,0.084,1.02
PHL,Philippines,13/06/2020,25392,605,578.857,1074,22,11.429,228.66,5.448,5.213,9.672,0.198,0.103,0.99
PHL,Philippines,14/06/2020,25930,538,576.429,1088,14,12.143,233.505,4.845,5.191,9.798,0.126,0.109,0.96
PHL,Philippines,15/06/2020,26420,490,563.714,1098,10,12.429,237.917,4.413,5.076,9.888,0.09,0.112,0.95
PHL,Philippines,16/06/2020,26781,361,541.286,1103,5,12.286,241.168,3.251,4.874,9.933,0.045,0.111,0.94
PHL,Philippines,17/06/2020,27238,457,500.857,1108,5,11.571,245.284,4.115,4.51,9.978,0.045,0.104,1.01
PHL,Philippines,18/06/2020,27799,561,517.714,1116,8,11.429,250.336,5.052,4.662,10.05,0.072,0.103,1.11
PHL,Philippines,19/06/2020,28459,660,524.571,1130,14,11.143,256.279,5.943,4.724,10.176,0.126,0.1,1.19
PHL,Philippines,20/06/2020,29400,941,572.571,1150,20,10.857,264.753,8.474,5.156,10.356,0.18,0.098,1.27
PHL,Philippines,21/06/2020,30052,652,588.857,1169,19,11.571,270.624,5.871,5.303,10.527,0.171,0.104,1.23
PHL,Philippines,22/06/2020,30682,630,608.857,1177,8,11.286,276.298,5.673,5.483,10.599,0.072,0.102,1.25
PHL,Philippines,23/06/2020,31825,1143,720.571,1186,9,11.857,286.591,10.293,6.489,10.68,0.081,0.107,1.31
PHL,Philippines,24/06/2020,32295,470,722.429,1204,18,13.714,290.823,4.232,6.506,10.842,0.162,0.123,1.19
PHL,Philippines,25/06/2020,33069,774,752.857,1212,8,13.714,297.793,6.97,6.78,10.914,0.072,0.123,1.21
PHL,Philippines,26/06/2020,34073,1004,802,1224,12,13.429,306.834,9.041,7.222,11.022,0.108,0.121,1.2
PHL,Philippines,27/06/2020,34803,730,771.857,1236,12,12.286,313.408,6.574,6.951,11.13,0.108,0.111,1.15
PHL,Philippines,28/06/2020,35455,652,771.857,1244,8,10.714,319.279,5.871,6.951,11.202,0.072,0.096,1.15
PHL,Philippines,29/06/2020,36438,983,822.286,1255,11,11.143,328.132,8.852,7.405,11.302,0.099,0.1,1.26
PHL,Philippines,30/06/2020,37514,1076,812.714,1266,11,11.429,337.821,9.69,7.319,11.401,0.099,0.103,1.31
PHL,Philippines,01/07/2020,38511,997,888,1270,4,9.429,346.799,8.978,7.997,11.437,0.036,0.085,1.29
PHL,Philippines,02/07/2020,38805,294,819.429,1274,4,8.857,349.447,2.648,7.379,11.473,0.036,0.08,1.29
PHL,Philippines,03/07/2020,40336,1531,894.714,1280,6,8,363.234,13.787,8.057,11.527,0.054,0.072,1.52
PHL,Philippines,04/07/2020,41830,1494,1003.857,1290,10,7.714,376.688,13.454,9.04,11.617,0.09,0.069,1.65
PHL,Philippines,05/07/2020,44254,2424,1257,1297,7,7.571,398.516,21.829,11.32,11.68,0.063,0.068,1.76
PHL,Philippines,06/07/2020,46333,2079,1413.571,1303,6,6.857,417.238,18.722,12.729,11.734,0.054,0.062,1.68
PHL,Philippines,07/07/2020,47873,1540,1479.857,1309,6,6.143,431.106,13.868,13.326,11.788,0.054,0.055,1.52
PHL,Philippines,08/07/2020,50359,2486,1692.571,1314,5,6.286,453.493,22.387,15.242,11.833,0.045,0.057,1.44
PHL,Philippines,09/07/2020,51754,1395,1849.857,1314,0,5.714,466.055,12.562,16.658,11.833,0,0.051,1.22
PHL,Philippines,10/07/2020,52914,1160,1796.857,1360,46,11.429,476.501,10.446,16.181,12.247,0.414,0.103,1.06
PHL,Philippines,11/07/2020,54222,1308,1770.286,1372,12,11.714,488.28,11.779,15.942,12.355,0.108,0.105,1.01
PHL,Philippines,12/07/2020,56259,2037,1715,1534,162,33.857,506.624,18.344,15.444,13.814,1.459,0.305,1.01
PHL,Philippines,13/07/2020,57006,747,1524.714,1599,65,42.286,513.351,6.727,13.73,14.399,0.585,0.381,0.93
PHL,Philippines,14/07/2020,57545,539,1381.714,1603,4,42,518.204,4.854,12.443,14.435,0.036,0.378,0.95
PHL,Philippines,15/07/2020,58850,1305,1213,1614,11,42.857,529.956,11.752,10.923,14.534,0.099,0.386,1.11
PHL,Philippines,16/07/2020,61266,2416,1358.857,1643,29,47,551.713,21.757,12.237,14.796,0.261,0.423,1.27
PHL,Philippines,17/07/2020,63001,1735,1441,1660,17,42.857,567.337,15.624,12.976,14.949,0.153,0.386,1.25
PHL,Philippines,18/07/2020,65304,2303,1583.143,1773,113,57.286,588.076,20.739,14.257,15.966,1.018,0.516,1.26
PHL,Philippines,19/07/2020,67456,2152,1599.571,1831,58,42.429,607.455,19.379,14.404,16.489,0.522,0.382,1.21
PHL,Philippines,20/07/2020,68898,1442,1698.857,1835,4,33.714,620.44,12.986,15.299,16.525,0.036,0.304,1.15
PHL,Philippines,21/07/2020,70764,1866,1888.429,1837,2,33.429,637.244,16.804,17.006,16.543,0.018,0.301,1.15
PHL,Philippines,22/07/2020,72269,1505,1917,1843,6,32.714,650.797,13.553,17.263,16.597,0.054,0.295,1.13
PHL,Philippines,23/07/2020,74390,2121,1874.857,1871,28,32.571,669.897,19.1,16.883,16.849,0.252,0.293,1.14
PHL,Philippines,24/07/2020,76444,2054,1920.429,1879,8,31.286,688.394,18.497,17.294,16.921,0.072,0.282,1.12
PHL,Philippines,25/07/2020,78412,1968,1872.571,1897,18,17.714,706.116,17.722,16.863,17.083,0.162,0.16,1.1
PHL,Philippines,26/07/2020,80448,2036,1856,1932,35,14.429,724.451,18.335,16.714,17.398,0.315,0.13,1.11
PHL,Philippines,27/07/2020,82040,1592,1877.429,1945,13,15.714,738.787,14.336,16.907,17.515,0.117,0.142,1.14
PHL,Philippines,28/07/2020,83673,1633,1844.143,1947,2,15.714,753.492,14.705,16.607,17.533,0.018,0.142,1.22
PHL,Philippines,29/07/2020,85486,1813,1888.143,1962,15,17,769.819,16.326,17.003,17.668,0.135,0.153,1.38
PHL,Philippines,30/07/2020,89374,3888,2140.571,1983,21,16,804.831,35.012,19.276,17.857,0.189,0.144,1.61
PHL,Philippines,31/07/2020,93354,3980,2415.714,2023,40,20.571,840.672,35.841,21.754,18.218,0.36,0.185,1.68
PHL,Philippines,01/08/2020,98232,4878,2831.429,2039,16,20.286,884.599,43.927,25.498,18.362,0.144,0.183,1.69
PHL,Philippines,02/08/2020,103185,4953,3248.143,2059,20,18.143,929.202,44.603,29.25,18.542,0.18,0.163,1.62
PHL,Philippines,03/08/2020,106330,3145,3470,2104,45,22.714,957.523,28.321,31.248,18.947,0.405,0.205,1.5
PHL,Philippines,04/08/2020,112593,6263,4131.429,2115,11,24,1013.923,56.4,37.204,19.046,0.099,0.216,1.49
PHL,Philippines,05/08/2020,115980,3387,4356.286,2123,8,23,1044.423,30.501,39.229,19.118,0.072,0.207,1.3
PHL,Philippines,06/08/2020,119460,3480,4298,2150,27,23.857,1075.762,31.338,38.704,19.361,0.243,0.215,1.17
PHL,Philippines,07/08/2020,122754,3294,4200,2168,18,20.714,1105.425,29.663,37.822,19.523,0.162,0.187,1.11
PHL,Philippines,08/08/2020,126885,4131,4093.286,2209,41,24.286,1142.625,37.2,36.861,19.892,0.369,0.219,1.12
PHL,Philippines,09/08/2020,129913,3028,3818.286,2270,61,30.143,1169.893,27.268,34.384,20.442,0.549,0.271,1.14
PHL,Philippines,10/08/2020,136638,6725,4329.714,2294,24,27.143,1230.453,60.56,38.99,20.658,0.216,0.244,1.25
PHL,Philippines,11/08/2020,139538,2900,3849.286,2312,18,28.143,1256.568,26.115,34.664,20.82,0.162,0.253,1.15
PHL,Philippines,12/08/2020,143749,4211,3967,2404,92,40.143,1294.489,37.921,35.724,21.649,0.828,0.361,1.14
PHL,Philippines,13/08/2020,147526,3777,4009.429,2426,22,39.429,1328.502,34.013,36.106,21.847,0.198,0.355,1.12
PHL,Philippines,14/08/2020,153660,6134,4415.143,2442,16,39.143,1383.74,55.238,39.759,21.991,0.144,0.352,1.14
PHL,Philippines,15/08/2020,157918,4258,4433.286,2600,158,55.857,1422.084,38.344,39.923,23.414,1.423,0.503,1.05
PHL,Philippines,16/08/2020,161253,3335,4477.143,2665,65,56.429,1452.116,30.032,40.318,23.999,0.585,0.508,1
PHL,Philippines,17/08/2020,164474,3221,3976.571,2681,16,55.286,1481.122,29.006,35.81,24.143,0.144,0.498,1
PHL,Philippines,18/08/2020,169213,4739,4239.286,2687,6,53.571,1523.797,42.676,38.176,24.197,0.054,0.482,1.07
PHL,Philippines,19/08/2020,173774,4561,4289.286,2795,108,55.857,1564.87,41.073,38.626,25.17,0.973,0.503,1.07
PHL,Philippines,20/08/2020,178022,4248,4356.571,2883,88,65.286,1603.124,38.254,39.232,25.962,0.792,0.588,1.04
PHL,Philippines,21/08/2020,182365,4343,4100.714,2940,57,71.143,1642.234,39.11,36.928,26.475,0.513,0.641,0.99
PHL,Philippines,22/08/2020,187249,4884,4190.143,2966,26,52.286,1686.215,43.981,37.733,26.709,0.234,0.471,0.97
PHL,Philippines,23/08/2020,189601,2352,4049.714,2998,32,47.571,1707.396,21.18,36.469,26.998,0.288,0.428,0.92
PHL,Philippines,24/08/2020,194252,4651,4254,3010,12,47,1749.279,41.883,38.308,27.106,0.108,0.423,0.97
PHL,Philippines,25/08/2020,197164,2912,3993,3038,28,50.143,1775.502,26.223,35.958,27.358,0.252,0.452,0.97
PHL,Philippines,26/08/2020,202361,5197,4083.857,3137,99,48.857,1822.302,46.8,36.776,28.249,0.892,0.44,1.01
PHL,Philippines,27/08/2020,205581,3220,3937,3234,97,50.143,1851.299,28.997,35.453,29.123,0.874,0.452,0.95
PHL,Philippines,28/08/2020,209544,3963,3882.714,3325,91,55,1886.986,35.688,34.965,29.942,0.819,0.495,0.92
PHL,Philippines,29/08/2020,213131,3587,3697.429,3419,94,64.714,1919.288,32.302,33.296,30.789,0.846,0.583,0.91
PHL,Philippines,30/08/2020,217396,4265,3970.714,3520,101,74.571,1957.695,38.407,35.757,31.698,0.91,0.672,0.92
PHL,Philippines,31/08/2020,220819,3423,3795.286,3558,38,78.286,1988.52,30.825,34.177,32.041,0.342,0.705,0.89
PHL,Philippines,01/09/2020,224264,3445,3871.429,3597,39,79.857,2019.543,31.023,34.863,32.392,0.351,0.719,0.85
PHL,Philippines,02/09/2020,226440,2176,3439.857,3623,26,69.429,2039.138,19.595,30.977,32.626,0.234,0.625,0.79
PHL,Philippines,03/09/2020,228403,1963,3260.286,3688,65,64.857,2056.815,17.677,29.36,33.211,0.585,0.584,0.78
PHL,Philippines,04/09/2020,232072,3669,3218.286,3737,49,58.857,2089.856,33.04,28.981,33.652,0.441,0.53,0.81
PHL,Philippines,05/09/2020,234570,2498,3062.714,3790,53,53,2112.351,22.495,27.58,34.13,0.477,0.477,0.79
PHL,Philippines,06/09/2020,237365,2795,2852.714,3875,85,50.714,2137.52,25.17,25.689,34.895,0.765,0.457,0.82
PHL,Philippines,07/09/2020,238727,1362,2558.286,3890,15,47.429,2149.785,12.265,23.038,35.03,0.135,0.427,0.84
PHL,Philippines,08/09/2020,241987,3260,2531.857,3916,26,45.571,2179.142,29.357,22.8,35.264,0.234,0.41,0.99
PHL,Philippines,09/09/2020,245143,3156,2671.857,3986,70,51.857,2207.563,28.42,24.061,35.895,0.63,0.467,1.08
PHL,Philippines,10/09/2020,248947,3804,2934.857,4066,80,54,2241.818,34.256,26.429,36.615,0.72,0.486,1.15
PHL,Philippines,11/09/2020,252964,4017,2984.571,4108,42,53,2277.992,36.174,26.877,36.993,0.378,0.477,1.17
PHL,Philippines,12/09/2020,257863,4899,3327.571,4292,184,71.714,2322.109,44.116,29.965,38.65,1.657,0.646,1.19
PHL,Philippines,13/09/2020,261216,3353,3407.286,4371,79,70.857,2352.303,30.194,30.683,39.362,0.711,0.638,1.14
PHL,Philippines,14/09/2020,265888,4672,3880.143,4630,259,105.714,2394.375,42.072,34.941,41.694,2.332,0.952,1.14
PHL,Philippines,15/09/2020,269407,3519,3917.143,4663,33,106.714,2426.065,31.689,35.275,41.991,0.297,0.961,1.09
PHL,Philippines,16/09/2020,272934,3527,3970.143,4732,69,106.571,2457.826,31.761,35.752,42.613,0.621,0.96,1.04
PHL,Philippines,17/09/2020,276289,3355,3906,4785,53,102.714,2488.039,30.212,35.174,43.09,0.477,0.925,0.99
PHL,Philippines,18/09/2020,279526,3237,3794.571,4830,45,103.143,2517.188,29.15,34.171,43.495,0.405,0.929,0.94
PHL,Philippines,19/09/2020,283460,3934,3656.714,4930,100,91.143,2552.615,35.426,32.929,44.396,0.901,0.821,0.93
PHL,Philippines,20/09/2020,286743,3283,3646.714,4984,54,87.571,2582.179,29.564,32.839,44.882,0.486,0.789,0.89
PHL,Philippines,21/09/2020,290190,3447,3471.714,4999,15,52.714,2613.22,31.041,31.263,45.017,0.135,0.475,0.86
PHL,Philippines,22/09/2020,291789,1599,3197.429,5049,50,55.143,2627.619,14.399,28.793,45.467,0.45,0.497,0.81
PHL,Philippines,23/09/2020,294591,2802,3093.857,5091,42,51.286,2652.852,25.233,27.861,45.845,0.378,0.462,0.81
PHL,Philippines,24/09/2020,296755,2164,2923.714,5127,36,48.857,2672.339,19.487,26.329,46.17,0.324,0.44,0.79
PHL,Philippines,25/09/2020,299361,2606,2833.571,5196,69,52.286,2695.807,23.468,25.517,46.791,0.621,0.471,0.79
PHL,Philippines,26/09/2020,301256,1895,2542.286,5284,88,50.571,2712.872,17.065,22.894,47.583,0.792,0.455,0.79
PHL,Philippines,27/09/2020,304226,2970,2497.571,5344,60,51.429,2739.617,26.745,22.491,48.124,0.54,0.463,0.87
PHL,Philippines,28/09/2020,307288,3062,2442.571,5381,37,54.571,2767.191,27.574,21.996,48.457,0.333,0.491,0.9
PHL,Philippines,29/09/2020,309303,2015,2502,5448,67,57,2785.336,18.145,22.531,49.06,0.603,0.513,0.91
PHL,Philippines,30/09/2020,311694,2391,2443.286,5504,56,59,2806.868,21.531,22.002,49.565,0.504,0.531,0.92
PHL,Philippines,01/10/2020,314079,2385,2474.857,5562,58,62.143,2828.345,21.477,22.287,50.087,0.522,0.56,0.92
PHL,Philippines,02/10/2020,316678,2599,2473.857,5616,54,60,2851.75,23.405,22.278,50.573,0.486,0.54,0.93
PHL,Philippines,03/10/2020,319330,2652,2582,5678,62,56.286,2875.632,23.882,23.251,51.132,0.558,0.507,0.95
PHL,Philippines,04/10/2020,322497,3167,2610.143,5776,98,61.714,2904.151,28.519,23.505,52.014,0.883,0.556,0.97
PHL,Philippines,05/10/2020,324762,2265,2496.286,5840,64,65.571,2924.548,20.397,22.48,52.59,0.576,0.59,0.94
PHL,Philippines,06/10/2020,326833,2071,2504.286,5865,25,59.571,2943.198,18.65,22.552,52.816,0.225,0.536,0.97
PHL,Philippines,07/10/2020,329637,2804,2563.286,5925,60,60.143,2968.448,25.251,23.083,53.356,0.54,0.542,0.99
PHL,Philippines,08/10/2020,331869,2232,2541.429,6069,144,72.429,2988.548,20.1,22.886,54.653,1.297,0.652,0.97
PHL,Philippines,09/10/2020,334770,2901,2584.571,6152,83,76.571,3014.672,26.124,23.275,55.4,0.747,0.69,0.96
PHL,Philippines,10/10/2020,336926,2156,2513.714,6238,86,80,3034.087,19.415,22.637,56.174,0.774,0.72,0.94
PHL,Philippines,11/10/2020,339341,2415,2406.286,6321,83,77.857,3055.835,21.748,21.669,56.922,0.747,0.701,0.96
PHL,Philippines,12/10/2020,342816,3475,2579.143,6332,11,70.286,3087.128,31.293,23.226,57.021,0.099,0.633,1
PHL,Philippines,13/10/2020,344713,1897,2554.286,6372,40,72.429,3104.211,17.083,23.002,57.381,0.36,0.652,0.96
PHL,Philippines,14/10/2020,346536,1823,2414.143,6449,77,74.857,3120.627,16.416,21.74,58.075,0.693,0.674,0.94
PHL,Philippines,15/10/2020,348698,2162,2404.143,6497,48,61.143,3140.096,19.469,21.65,58.507,0.432,0.551,0.96
PHL,Philippines,16/10/2020,351750,3052,2425.714,6531,34,54.143,3167.58,27.484,21.844,58.813,0.306,0.488,0.97
PHL,Philippines,17/10/2020,354338,2588,2487.429,6603,72,52.143,3190.886,23.305,22.4,59.461,0.648,0.47,0.95
PHL,Philippines,18/10/2020,356618,2280,2468.143,6652,49,47.286,3211.418,20.532,22.226,59.903,0.441,0.426,0.9
PHL,Philippines,19/10/2020,359169,2551,2336.143,6675,23,49,3234.39,22.972,21.037,60.11,0.207,0.441,0.89
PHL,Philippines,20/10/2020,360775,1606,2294.571,6690,15,45.429,3248.852,14.462,20.663,60.245,0.135,0.409,0.85
PHL,Philippines,21/10/2020,362243,1468,2243.857,6747,57,42.571,3262.072,13.22,20.206,60.758,0.513,0.383,0.82
PHL,Philippines,22/10/2020,363888,1645,2170,6783,36,40.857,3276.885,14.814,19.541,61.082,0.324,0.368,0.82
PHL,Philippines,23/10/2020,365799,1911,2007,6915,132,54.857,3294.094,17.209,18.073,62.271,1.189,0.494,0.83
PHL,Philippines,24/10/2020,367819,2020,1925.857,6934,19,47.286,3312.285,18.191,17.343,62.442,0.171,0.426,0.86
PHL,Philippines,25/10/2020,370028,2209,1915.714,6977,43,46.429,3332.177,19.892,17.251,62.829,0.387,0.418,0.87
PHL,Philippines,26/10/2020,371630,1602,1780.143,7039,62,52,3346.604,14.426,16.031,63.388,0.558,0.468,0.87
PHL,Philippines,27/10/2020,373144,1514,1767,7053,14,51.857,3360.238,13.634,15.912,63.514,0.126,0.467,0.92
PHL,Philippines,28/10/2020,375180,2036,1848.143,7114,61,52.429,3378.572,18.335,16.643,64.063,0.549,0.472,0.97
PHL,Philippines,29/10/2020,376935,1755,1863.857,7147,33,52,3394.376,15.804,16.784,64.36,0.297,0.468,0.96
PHL,Philippines,30/10/2020,378933,1998,1876.286,7185,38,38.571,3412.369,17.992,16.896,64.702,0.342,0.347,0.95
PHL,Philippines,31/10/2020,380729,1796,1844.286,7221,36,41,3428.542,16.173,16.608,65.027,0.324,0.369,0.96
PHL,Philippines,01/11/2020,383113,2384,1869.286,7238,17,37.286,3450.01,21.468,16.833,65.18,0.153,0.336,0.99
PHL,Philippines,02/11/2020,385400,2287,1967.143,7269,31,32.857,3470.605,20.595,17.715,65.459,0.279,0.296,0.99
PHL,Philippines,03/11/2020,387161,1761,2002.429,7318,49,37.857,3486.464,15.858,18.032,65.9,0.441,0.341,0.97
PHL,Philippines,04/11/2020,388137,976,1851,7367,49,36.143,3495.253,8.789,16.669,66.341,0.441,0.325,0.91
PHL,Philippines,05/11/2020,389725,1588,1827.143,7409,42,37.429,3509.553,14.3,16.454,66.72,0.378,0.337,0.94
PHL,Philippines,06/11/2020,391809,2084,1839.429,7461,52,39.429,3528.32,18.767,16.564,67.188,0.468,0.355,0.98
PHL,Philippines,07/11/2020,393961,2152,1890.286,7485,24,37.714,3547.699,19.379,17.022,67.404,0.216,0.34,1.01
PHL,Philippines,08/11/2020,396395,2434,1897.429,7539,54,43,3569.618,21.919,17.087,67.89,0.486,0.387,1.02
PHL,Philippines,09/11/2020,398449,2054,1864.143,7647,108,54,3588.114,18.497,16.787,68.863,0.973,0.486,0.98
PHL,Philippines,10/11/2020,399749,1300,1798.286,7661,14,49,3599.821,11.707,16.194,68.989,0.126,0.441,0.94
PHL,Philippines,11/11/2020,401416,1667,1897,7710,49,49,3614.833,15.012,17.083,69.43,0.441,0.441,0.93
PHL,Philippines,12/11/2020,402820,1404,1870.714,7721,11,44.571,3627.476,12.643,16.846,69.529,0.099,0.401,0.9
PHL,Philippines,13/11/2020,404713,1893,1843.429,7752,31,41.571,3644.523,17.047,16.6,69.808,0.279,0.374,0.89
PHL,Philippines,14/11/2020,406337,1624,1768,7791,39,43.714,3659.147,14.624,15.921,70.16,0.351,0.394,0.86
PHL,Philippines,15/11/2020,407838,1501,1634.714,7832,41,41.857,3672.664,13.517,14.721,70.529,0.369,0.377,0.85
PHL,Philippines,16/11/2020,409574,1736,1589.286,7839,7,27.429,3688.297,15.633,14.312,70.592,0.063,0.247,0.88
PHL,Philippines,17/11/2020,410718,1144,1567,7862,23,28.714,3698.599,10.302,14.111,70.799,0.207,0.259,0.9
PHL,Philippines,18/11/2020,412097,1379,1525.857,7957,95,35.286,3711.017,12.418,13.741,71.654,0.855,0.318,0.91
PHL,Philippines,19/11/2020,413430,1333,1515.714,7998,41,39.571,3723.021,12.004,13.649,72.024,0.369,0.356,0.92
PHL,Philippines,20/11/2020,415067,1637,1479.143,8025,27,39,3737.763,14.742,13.32,72.267,0.243,0.351,0.95
PHL,Philippines,21/11/2020,416852,1785,1502.143,8080,55,41.286,3753.837,16.074,13.527,72.762,0.495,0.372,0.98
PHL,Philippines,22/11/2020,418818,1966,1568.571,8123,43,41.571,3771.541,17.704,14.125,73.149,0.387,0.374,1
PHL,Philippines,23/11/2020,420614,1796,1577.143,8173,50,47.714,3787.715,16.173,14.202,73.6,0.45,0.43,0.98
PHL,Philippines,24/11/2020,421722,1108,1572,8185,12,46.143,3797.692,9.978,14.156,73.708,0.108,0.416,0.95
PHL,Philippines,25/11/2020,422915,1193,1545.429,8215,30,36.857,3808.436,10.743,13.917,73.978,0.27,0.332,0.94
PHL,Philippines,26/11/2020,424297,1382,1552.429,8242,27,34.857,3820.881,12.445,13.98,74.221,0.243,0.314,0.96
PHL,Philippines,27/11/2020,425918,1621,1550.143,8255,13,32.857,3835.478,14.597,13.959,74.338,0.117,0.296,0.99
PHL,Philippines,28/11/2020,427797,1879,1563.571,8333,78,36.143,3852.399,16.921,14.08,75.04,0.702,0.325,1.03
PHL,Philippines,29/11/2020,429864,2067,1578,8373,40,35.714,3871.013,18.614,14.21,75.401,0.36,0.322,1.05
PHL,Philippines,30/11/2020,431630,1766,1573.714,8392,19,31.286,3886.916,15.903,14.172,75.572,0.171,0.282,1.02
PHL,Philippines,01/12/2020,432925,1295,1600.429,8418,26,33.286,3898.578,11.662,14.412,75.806,0.234,0.3,0.98
PHL,Philippines,02/12/2020,434357,1432,1634.571,8436,18,31.571,3911.473,12.895,14.72,75.968,0.162,0.284,0.93
PHL,Philippines,03/12/2020,435413,1056,1588,8446,10,29.143,3920.983,9.509,14.3,76.058,0.09,0.262,0.86
PHL,Philippines,04/12/2020,436345,932,1489.571,8509,63,36.286,3929.375,8.393,13.414,76.625,0.567,0.327,0.85
PHL,Philippines,05/12/2020,438069,1724,1467.429,8526,17,27.571,3944.9,15.525,13.214,76.778,0.153,0.248,0.94
PHL,Philippines,06/12/2020,439834,1765,1424.286,8554,28,25.857,3960.795,15.894,12.826,77.031,0.252,0.233,0.99
PHL,Philippines,07/12/2020,441399,1565,1395.571,8572,18,25.714,3974.888,14.093,12.567,77.193,0.162,0.232,1
PHL,Philippines,08/12/2020,442785,1386,1408.571,8670,98,36,3987.369,12.481,12.684,78.075,0.883,0.324,1.01
PHL,Philippines,09/12/2020,444164,1379,1401,8677,7,34.429,3999.787,12.418,12.616,78.138,0.063,0.31,0.99
PHL,Philippines,10/12/2020,445540,1376,1446.714,8701,24,36.429,4012.178,12.391,13.028,78.354,0.216,0.328,0.94
PHL,Philippines,11/12/2020,447039,1499,1527.714,8709,8,28.571,4025.677,13.499,13.757,78.426,0.072,0.257,0.9
PHL,Philippines,12/12/2020,448331,1292,1466,8730,21,29.143,4037.312,11.635,13.202,78.615,0.189,0.262,0.87
PHL,Philippines,13/12/2020,449400,1069,1366.571,8733,3,25.571,4046.938,9.627,12.306,78.642,0.027,0.23,0.87
PHL,Philippines,14/12/2020,450733,1333,1333.429,8757,24,26.429,4058.942,12.004,12.008,78.859,0.216,0.238,0.93
PHL,Philippines,15/12/2020,451839,1106,1293.429,8812,55,20.286,4068.902,9.96,11.648,79.354,0.495,0.183,0.98
PHL,Philippines,16/12/2020,452988,1149,1260.571,8833,21,22.286,4079.249,10.347,11.352,79.543,0.189,0.201,1.03
PHL,Philippines,17/12/2020,454447,1459,1272.429,8850,17,21.286,4092.388,13.139,11.458,79.696,0.153,0.192,1.08
PHL,Philippines,18/12/2020,456562,2115,1360.429,8875,25,23.714,4111.434,19.046,12.251,79.921,0.225,0.214,1.12
PHL,Philippines,19/12/2020,458044,1482,1387.571,8911,36,25.857,4124.779,13.346,12.495,80.245,0.324,0.233,1.09
PHL,Philippines,20/12/2020,459789,1745,1484.143,8947,36,30.571,4140.493,15.714,13.365,80.57,0.324,0.275,1.09
PHL,Philippines,21/12/2020,461505,1716,1538.857,8957,10,28.571,4155.946,15.453,13.858,80.66,0.09,0.257,1.08
PHL,Philippines,22/12/2020,462815,1310,1568,9021,64,29.857,4167.743,11.797,14.12,81.236,0.576,0.269,1.05
PHL,Philippines,23/12/2020,464004,1189,1573.714,9048,27,30.714,4178.45,10.707,14.172,81.479,0.243,0.277,1.02
PHL,Philippines,24/12/2020,465724,1720,1611,9055,7,29.286,4193.939,15.489,14.507,81.542,0.063,0.264,1.01
PHL,Philippines,25/12/2020,467601,1877,1577,9062,7,26.714,4210.842,16.903,14.201,81.605,0.063,0.241,0.95
PHL,Philippines,26/12/2020,469005,1404,1565.857,9067,5,22.286,4223.485,12.643,14.101,81.65,0.045,0.201,0.86
PHL,Philippines,27/12/2020,469886,881,1442.429,9109,42,23.143,4231.419,7.934,12.989,82.028,0.378,0.208,0.78
PHL,Philippines,28/12/2020,470650,764,1306.429,9124,15,23.857,4238.299,6.88,11.765,82.163,0.135,0.215,0.78
PHL,Philippines,29/12/2020,471526,876,1244.429,9162,38,20.143,4246.187,7.889,11.206,82.506,0.342,0.181,0.85
PHL,Philippines,30/12/2020,472532,1006,1218.286,9230,68,26,4255.247,9.059,10.971,83.118,0.612,0.234,0.92
PHL,Philippines,31/12/2020,474064,1532,1191.429,9244,14,27,4269.043,13.796,10.729,83.244,0.126,0.243,0.98
PHL,Philippines,01/01/2021,475820,1756,1174.143,9248,4,26.571,4284.856,15.813,10.573,83.28,0.036,0.239,0.96
PHL,Philippines,02/01/2021,476916,1096,1130.143,9253,5,26.571,4294.726,9.87,10.177,83.325,0.045,0.239,0.88
PHL,Philippines,03/01/2021,477807,891,1131.571,9257,4,21.143,4302.749,8.024,10.19,83.361,0.036,0.19,0.86
PHL,Philippines,04/01/2021,478761,954,1158.714,9263,6,19.857,4311.34,8.591,10.434,83.415,0.054,0.179,0.9
PHL,Philippines,05/01/2021,479693,932,1166.714,9321,58,22.714,4319.733,8.393,10.506,83.937,0.522,0.205,0.98
PHL,Philippines,06/01/2021,480737,1044,1172.143,9347,26,16.714,4329.134,9.401,10.555,84.172,0.234,0.151,1.06
PHL,Philippines,07/01/2021,482083,1346,1145.571,9356,9,16,4341.255,12.121,10.316,84.253,0.081,0.144,1.14
PHL,Philippines,08/01/2021,483852,1769,1147.429,9364,8,16.571,4357.186,15.93,10.333,84.325,0.072,0.149,1.22
PHL,Philippines,09/01/2021,485797,1945,1268.714,9398,34,20.714,4374.701,17.515,11.425,84.631,0.306,0.187,1.28
PHL,Philippines,10/01/2021,487690,1893,1411.857,9405,7,21.143,4391.748,17.047,12.714,84.694,0.063,0.19,1.3
PHL,Philippines,11/01/2021,489736,2046,1567.857,9416,11,21.857,4410.172,18.425,14.119,84.793,0.099,0.197,1.29
PHL,Philippines,12/01/2021,491258,1522,1652.143,9554,138,33.286,4423.878,13.706,14.878,86.036,1.243,0.3,1.24
PHL,Philippines,13/01/2021,492700,1442,1709,9699,145,50.286,4436.864,12.986,15.39,87.341,1.306,0.453,1.19
PHL,Philippines,14/01/2021,494605,1905,1788.857,9739,40,54.714,4454.019,17.155,16.109,87.702,0.36,0.493,1.18
PHL,Philippines,15/01/2021,496646,2041,1827.714,9876,137,73.143,4472.398,18.38,16.459,88.935,1.234,0.659,1.15
PHL,Philippines,16/01/2021,498691,2045,1842,9884,8,69.429,4490.814,18.416,16.588,89.007,0.072,0.625,1.14
PHL,Philippines,17/01/2021,500577,1886,1841,9895,11,70,4507.798,16.984,16.579,89.106,0.099,0.63,1.12
PHL,Philippines,18/01/2021,502736,2159,1857.143,9909,14,70.429,4527.24,19.442,16.724,89.233,0.126,0.634,1.13
PHL,Philippines,19/01/2021,504084,1348,1832.286,9978,69,60.571,4539.379,12.139,16.5,89.854,0.621,0.545,1.1
PHL,Philippines,20/01/2021,505939,1855,1891.286,10042,64,49,4556.084,16.705,17.031,90.43,0.576,0.441,1.09
PHL,Philippines,21/01/2021,507717,1778,1873.143,10116,74,53.857,4572.095,16.011,16.868,91.097,0.666,0.485,1.05
PHL,Philippines,22/01/2021,509887,2170,1891.571,10136,20,37.143,4591.636,19.541,17.034,91.277,0.18,0.334,1.01
PHL,Philippines,23/01/2021,511679,1792,1855.429,10190,54,43.714,4607.773,16.137,16.709,91.763,0.486,0.394,0.97
PHL,Philippines,24/01/2021,513619,1940,1863.143,10242,52,49.571,4625.244,17.47,16.778,92.231,0.468,0.446,0.97
PHL,Philippines,25/01/2021,514996,1377,1751.429,10292,50,54.714,4637.644,12.4,15.772,92.682,0.45,0.493,0.95
PHL,Philippines,26/01/2021,516166,1170,1726,10386,94,58.286,4648.18,10.536,15.543,93.528,0.846,0.525,0.98
PHL,Philippines,27/01/2021,518407,2241,1781.143,10481,95,62.714,4668.36,20.181,16.04,94.384,0.855,0.565,1.03
PHL,Philippines,28/01/2021,519575,1168,1694,10552,71,62.286,4678.879,10.518,15.255,95.023,0.639,0.561,0.96
PHL,Philippines,29/01/2021,521413,1838,1646.571,10600,48,66.286,4695.43,16.552,14.828,95.455,0.432,0.597,0.98
PHL,Philippines,30/01/2021,523516,2103,1691,10669,69,68.429,4714.368,18.938,15.228,96.077,0.621,0.616,1.01
PHL,Philippines,31/01/2021,525618,2102,1714.143,10749,80,72.429,4733.297,18.929,15.436,96.797,0.72,0.652,1.03
PHL,Philippines,01/02/2021,527272,1654,1753.714,10807,58,73.571,4748.192,14.895,15.793,97.319,0.522,0.663,1.01
PHL,Philippines,02/02/2021,528853,1581,1812.429,10874,67,69.714,4762.429,14.237,16.321,97.923,0.603,0.628,1.01
PHL,Philippines,03/02/2021,530118,1265,1673,10942,68,65.857,4773.82,11.392,15.066,98.535,0.612,0.593,0.97
PHL,Philippines,04/02/2021,531699,1581,1732,10997,55,63.571,4788.058,14.237,15.597,99.03,0.495,0.572,0.96
PHL,Philippines,05/02/2021,533587,1888,1739.143,11058,61,65.429,4805.059,17.002,15.661,99.58,0.549,0.589,0.96
PHL,Philippines,06/02/2021,535521,1934,1715,11110,52,63,4822.475,17.416,15.444,100.048,0.468,0.567,0.97
PHL,Philippines,07/02/2021,537310,1789,1670.286,11179,69,61.429,4838.586,16.11,15.041,100.669,0.621,0.553,0.97
PHL,Philippines,08/02/2021,538995,1685,1674.714,11231,52,60.571,4853.76,15.174,15.081,101.137,0.468,0.545,0.98
PHL,Philippines,09/02/2021,540227,1232,1624.857,11296,65,60.286,4864.854,11.094,14.632,101.723,0.585,0.543,0.98
PHL,Philippines,10/02/2021,541560,1333,1634.571,11401,105,65.571,4876.858,12.004,14.72,102.668,0.946,0.59,0.99
PHL,Philippines,11/02/2021,543282,1722,1654.714,11469,68,67.429,4892.365,15.507,14.901,103.281,0.612,0.607,1.01
PHL,Philippines,12/02/2021,545300,2018,1673.286,11495,26,62.429,4910.537,18.173,15.068,103.515,0.234,0.562,1.02
PHL,Philippines,13/02/2021,547255,1955,1676.286,11507,12,56.714,4928.143,17.605,15.095,103.623,0.108,0.511,1.01
PHL,Philippines,14/02/2021,549176,1921,1695.143,11515,8,48,4945.442,17.299,15.265,103.695,0.072,0.432,1.02
PHL,Philippines,15/02/2021,550860,1684,1695,11517,2,40.857,4960.606,15.165,15.264,103.713,0.018,0.368,1.01
PHL,Philippines,16/02/2021,552246,1386,1717,11524,7,32.571,4973.087,12.481,15.462,103.776,0.063,0.293,1.01
PHL,Philippines,17/02/2021,553424,1178,1694.857,11577,53,25.143,4983.696,10.608,15.263,104.253,0.477,0.226,1
PHL,Philippines,18/02/2021,555163,1739,1697.286,11673,96,29.143,4999.356,15.66,15.284,105.118,0.864,0.262,1.02
PHL,Philippines,19/02/2021,557058,1895,1679.714,11829,156,47.714,5016.421,17.065,15.126,106.523,1.405,0.43,1.04
PHL,Philippines,20/02/2021,559288,2230,1719,12068,239,80.143,5036.502,20.082,15.48,108.675,2.152,0.722,1.08
PHL,Philippines,21/02/2021,561169,1881,1713.286,12088,20,81.857,5053.441,16.939,15.428,108.855,0.18,0.737,1.1
PHL,Philippines,22/02/2021,563456,2287,1799.429,12094,6,82.429,5074.036,20.595,16.204,108.909,0.054,0.742,1.13
PHL,Philippines,23/02/2021,564865,1409,1802.714,12107,13,83.286,5086.724,12.688,16.234,109.026,0.117,0.75,1.12
PHL,Philippines,24/02/2021,566420,1555,1856.571,12129,22,78.857,5100.727,14.003,16.719,109.224,0.198,0.71,1.14
PHL,Philippines,25/02/2021,568680,2260,1931,12201,72,75.429,5121.079,20.352,17.389,109.872,0.648,0.679,1.18
PHL,Philippines,26/02/2021,571327,2647,2038.429,12247,46,59.714,5144.916,23.837,18.356,110.287,0.414,0.538,1.18
PHL,Philippines,27/02/2021,574247,2920,2137,12289,42,31.571,5171.211,26.295,19.244,110.665,0.378,0.284,1.17
PHL,Philippines,28/02/2021,576352,2105,2169,12318,29,32.857,5190.167,18.956,19.532,110.926,0.261,0.296,1.13
PHL,Philippines,01/03/2021,578381,2029,2132.143,12322,4,32.571,5208.438,18.272,19.2,110.962,0.036,0.293,1.12
PHL,Philippines,02/03/2021,580442,2061,2225.286,12369,47,37.429,5226.998,18.56,20.039,111.385,0.423,0.337,1.15
PHL,Philippines,03/03/2021,582223,1781,2257.571,12389,20,37.143,5243.036,16.038,20.33,111.565,0.18,0.334,1.16
PHL,Philippines,04/03/2021,584667,2444,2283.857,12404,15,29,5265.045,22.009,20.567,111.701,0.135,0.261,1.19
PHL,Philippines,05/03/2021,587704,3037,2339.571,12423,19,25.143,5292.394,27.349,21.068,111.872,0.171,0.226,1.24
PHL,Philippines,06/03/2021,591138,3434,2413,12465,42,25.143,5323.318,30.924,21.73,112.25,0.378,0.226,1.28
PHL,Philippines,07/03/2021,594412,3274,2580,12516,51,28.286,5352.801,29.483,23.233,112.709,0.459,0.255,1.3
PHL,Philippines,08/03/2021,597763,3351,2768.857,12521,5,28.429,5382.977,30.176,24.934,112.754,0.045,0.256,1.31
PHL,Philippines,09/03/2021,600428,2665,2855.143,12528,7,22.714,5406.976,23.999,25.711,112.817,0.063,0.205,1.31
PHL,Philippines,10/03/2021,603308,2880,3012.143,12545,17,22.286,5432.911,25.935,27.125,112.97,0.153,0.201,1.33
PHL,Philippines,11/03/2021,607048,3740,3197.286,12608,63,29.143,5466.591,33.679,28.792,113.538,0.567,0.262,1.36
PHL,Philippines,12/03/2021,611618,4570,3416.286,12694,86,38.714,5507.744,41.154,30.764,114.312,0.774,0.349,1.38
PHL,Philippines,13/03/2021,616611,4993,3639,12766,72,43,5552.707,44.963,32.77,114.96,0.648,0.387,1.4
PHL,Philippines,14/03/2021,621498,4887,3869.429,12829,63,44.714,5596.716,44.008,34.845,115.528,0.567,0.403,1.42
PHL,Philippines,15/03/2021,626893,5395,4161.429,12837,8,45.143,5645.299,48.583,37.475,115.6,0.072,0.407,1.42
PHL,Philippines,16/03/2021,631320,4427,4413.143,12848,11,45.714,5685.165,39.866,39.741,115.699,0.099,0.412,1.41
PHL,Philippines,17/03/2021,635698,4378,4627.143,12866,18,45.857,5724.59,39.425,41.668,115.861,0.162,0.413,1.4
PHL,Philippines,18/03/2021,640984,5286,4848,12887,21,39.857,5772.191,47.602,43.657,116.05,0.189,0.359,1.4
PHL,Philippines,19/03/2021,648066,7082,5206.857,12900,13,29.429,5835.966,63.775,46.889,116.167,0.117,0.265,1.43
PHL,Philippines,20/03/2021,656056,7990,5635,12930,30,23.429,5907.918,71.952,50.744,116.437,0.27,0.211,1.45
PHL,Philippines,21/03/2021,663794,7738,6042.286,12968,38,19.857,5977.6,69.682,54.412,116.779,0.342,0.179,1.44
PHL,Philippines,22/03/2021,671792,7998,6414.143,12972,4,19.286,6049.624,72.024,57.761,116.815,0.036,0.174,1.42
PHL,Philippines,23/03/2021,677653,5861,6619,12992,20,20.571,6102.403,52.779,59.605,116.996,0.18,0.185,1.37
PHL,Philippines,24/03/2021,684311,6658,6944.714,13039,47,24.714,6162.36,59.957,62.539,117.419,0.423,0.223,1.37
PHL,Philippines,25/03/2021,693048,8737,7437.714,13095,56,29.714,6241.038,78.678,66.978,117.923,0.504,0.268,1.36
PHL,Philippines,26/03/2021,702856,9808,7827.143,13149,54,35.571,6329.361,88.323,70.485,118.409,0.486,0.32,1.32
PHL,Philippines,27/03/2021,712442,9586,8055.143,13159,10,32.714,6415.685,86.324,72.538,118.499,0.09,0.295,1.3
PHL,Philippines,28/03/2021,721892,9450,8299.714,13170,11,28.857,6500.784,85.099,74.741,118.599,0.099,0.26,1.29
PHL,Philippines,29/03/2021,731894,10002,8586,13186,16,30.571,6590.854,90.07,77.319,118.743,0.144,0.275,1.29
PHL,Philippines,30/03/2021,741181,9287,9075.429,13191,5,28.429,6674.486,83.631,81.726,118.788,0.045,0.256,1.27
PHL,Philippines,31/03/2021,747288,6107,8996.714,13297,106,36.857,6729.48,54.995,81.017,119.742,0.955,0.332,1.22
PHL,Philippines,01/04/2021,756199,8911,9021.571,13303,6,29.714,6809.726,80.245,81.241,119.796,0.054,0.268,1.24
PHL,Philippines,02/04/2021,771497,15298,9805.857,13320,17,24.429,6947.487,137.762,88.304,119.949,0.153,0.22,1.28
PHL,Philippines,03/04/2021,784043,12546,10228.714,13423,103,37.714,7060.467,112.979,92.112,120.877,0.928,0.34,1.22
PHL,Philippines,04/04/2021,795051,11008,10451.286,13425,2,36.429,7159.596,99.129,94.116,120.895,0.018,0.328,1.15
PHL,Philippines,05/04/2021,803398,8347,10214.857,13435,10,35.571,7234.762,75.166,91.987,120.985,0.09,0.32,1.08
PHL,Philippines,06/04/2021,812760,9362,10225.571,13817,382,89.429,7319.069,84.307,92.083,124.425,3.44,0.805,1.08
PHL,Philippines,07/04/2021,819164,6404,10268,14059,242,108.857,7376.738,57.669,92.465,126.604,2.179,0.98,1.05
PHL,Philippines,08/04/2021,828366,9202,10309.571,14119,60,116.571,7459.604,82.866,92.84,127.144,0.54,1.05,1.05
PHL,Philippines,09/04/2021,840554,12188,9865.286,14520,401,171.429,7569.36,109.755,88.839,130.756,3.611,1.544,1.08
PHL,Philippines,10/04/2021,853209,12655,9880.857,14744,224,188.714,7683.32,113.961,88.979,132.773,2.017,1.699,1.1
PHL,Philippines,11/04/2021,864868,11659,9973.857,14945,201,217.143,7788.312,104.992,89.817,134.583,1.81,1.955,1.1
PHL,Philippines,12/04/2021,876225,11357,10403.857,15149,204,244.857,7890.584,102.272,93.689,136.42,1.837,2.205,1.09
PHL,Philippines,13/04/2021,884783,8558,10289,15286,137,209.857,7967.651,77.067,92.655,137.654,1.234,1.89,1.06
PHL,Philippines,14/04/2021,892880,8097,10530.857,15447,161,198.286,8040.566,72.915,94.833,139.103,1.45,1.786,1.03
PHL,Philippines,15/04/2021,904285,11405,10845.571,15594,147,210.714,8143.27,102.704,97.667,140.427,1.324,1.898,1.02
PHL,Philippines,16/04/2021,914971,10686,10631,15738,144,174,8239.5,96.23,95.734,141.724,1.297,1.567,0.97
PHL,Philippines,17/04/2021,926052,11081,10406.143,15810,72,152.286,8339.287,99.787,93.709,142.372,0.648,1.371,0.96
PHL,Philippines,18/04/2021,936133,10081,10180.714,15960,150,145,8430.068,90.781,91.679,143.723,1.351,1.306,0.96
PHL,Philippines,19/04/2021,945745,9612,9931.429,16048,88,128.429,8516.626,86.558,89.435,144.516,0.792,1.157,0.96
PHL,Philippines,20/04/2021,953106,7361,9760.429,16141,93,122.143,8582.913,66.287,87.895,145.353,0.837,1.1,0.95
PHL,Philippines,21/04/2021,962307,9201,9918.143,16265,124,116.857,8665.77,82.857,89.315,146.47,1.117,1.052,0.96
PHL,Philippines,22/04/2021,971049,8742,9537.714,16370,105,110.857,8744.494,78.723,85.889,147.415,0.946,0.998,0.91
PHL,Philippines,23/04/2021,979740,8691,9252.714,16529,159,113,8822.758,78.264,83.323,148.847,1.432,1.018,0.87
PHL,Philippines,24/04/2021,989380,9640,9046.857,16674,145,123.429,8909.568,86.81,81.469,150.153,1.306,1.111,0.88
PHL,Philippines,25/04/2021,997523,8143,8770,16783,109,117.571,8982.897,73.329,78.976,151.134,0.982,1.059,0.89
PHL,Philippines,26/04/2021,1006428,8905,8669,16853,70,115,9063.089,80.191,78.066,151.765,0.63,1.036,0.92
PHL,Philippines,27/04/2021,1013618,7190,8644.571,16916,63,110.714,9127.836,64.747,77.846,152.332,0.567,0.997,0.93
PHL,Philippines,28/04/2021,1020495,6877,8312.571,17031,115,109.429,9189.765,61.929,74.856,153.368,1.036,0.985,0.92
PHL,Philippines,29/04/2021,1028738,8243,8241.286,17145,114,110.714,9263.995,74.23,74.214,154.394,1.027,0.997,0.91
PHL,Philippines,30/04/2021,1037460,8722,8245.714,17234,89,100.714,9342.538,78.543,74.254,155.196,0.801,0.907,0.89
PHL,Philippines,01/05/2021,1046653,9193,8181.857,17354,120,97.143,9425.323,82.785,73.679,156.276,1.081,0.875,0.9
PHL,Philippines,02/05/2021,1054983,8330,8208.571,17431,77,92.571,9500.336,75.013,73.92,156.97,0.693,0.834,0.9
PHL,Philippines,03/05/2021,1062225,7242,7971,17525,94,96,9565.552,65.216,71.78,157.816,0.846,0.864,0.88
PHL,Philippines,04/05/2021,1067892,5667,7753.429,17622,97,100.857,9616.585,51.032,69.821,158.69,0.874,0.908,0.88
PHL,Philippines,05/05/2021,1073555,5663,7580,17800,178,109.857,9667.581,50.996,68.259,160.293,1.603,0.989,0.86
PHL,Philippines,06/05/2021,1080172,6617,7347.714,17991,191,120.857,9727.168,59.587,66.168,162.013,1.72,1.088,0.85
PHL,Philippines,07/05/2021,1087885,7713,7203.571,18099,108,123.571,9796.626,69.457,64.87,162.985,0.973,1.113,0.85
PHL,Philippines,08/05/2021,1094849,6964,6885.143,18269,170,130.714,9859.338,62.712,62.002,164.516,1.531,1.177,0.85
PHL,Philippines,09/05/2021,1101990,7141,6715.286,18472,203,148.714,9923.644,64.306,60.473,166.344,1.828,1.339,0.88
PHL,Philippines,10/05/2021,1108826,6836,6657.286,18562,90,148.143,9985.204,61.56,59.95,167.155,0.81,1.334,0.88
PHL,Philippines,11/05/2021,1113547,4721,6522.143,18620,58,142.571,10027.717,42.514,58.733,167.677,0.522,1.284,0.88
PHL,Philippines,12/05/2021,1118359,4812,6400.571,18714,94,130.571,10071.05,43.333,57.638,168.523,0.846,1.176,0.87
PHL,Philippines,13/05/2021,1124724,6365,6364.571,18821,107,118.571,10128.368,57.318,57.314,169.487,0.964,1.068,0.87
PHL,Philippines,14/05/2021,1131467,6743,6226,18958,137,122.714,10189.09,60.722,56.066,170.721,1.234,1.105,0.87
PHL,Philippines,15/05/2021,1138187,6720,6191.143,19051,93,111.714,10249.605,60.515,55.753,171.558,0.837,1.006,0.87
PHL,Philippines,16/05/2021,1143963,5776,5996.143,19191,140,102.714,10301.619,52.014,53.996,172.819,1.261,0.925,0.89
PHL,Philippines,17/05/2021,1149925,5962,5871.286,19262,71,100,10355.308,53.689,52.872,173.458,0.639,0.901,0.9
PHL,Philippines,18/05/2021,1154388,4463,5834.429,19372,110,107.429,10395.499,40.19,52.54,174.449,0.991,0.967,0.9
PHL,Philippines,19/05/2021,1159071,4683,5816,19507,135,113.286,10437.67,42.171,52.374,175.665,1.216,1.02,0.9
PHL,Philippines,20/05/2021,1165155,6084,5775.857,19641,134,117.143,10492.458,54.788,52.013,176.871,1.207,1.055,0.89
PHL,Philippines,21/05/2021,1171403,6248,5705.143,19763,122,115,10548.722,56.265,51.376,177.97,1.099,1.036,0.87
PHL,Philippines,22/05/2021,1178217,6814,5718.571,19946,183,127.857,10610.084,61.361,51.497,179.618,1.648,1.151,0.85
PHL,Philippines,23/05/2021,1179812,1595,5121.286,19951,5,108.571,10624.447,14.363,46.118,179.663,0.045,0.978,0.79
PHL,Philippines,24/05/2021,1184706,4894,4968.714,19983,32,103,10668.518,44.071,44.744,179.951,0.288,0.928,0.88
PHL,Philippines,25/05/2021,1188672,3966,4897.714,20019,36,92.429,10704.233,35.715,44.105,180.275,0.324,0.832,0.98
PHL,Philippines,26/05/2021,1193976,5304,4986.429,20169,150,94.571,10751.997,47.764,44.904,181.626,1.351,0.852,1.07
PHL,Philippines,27/05/2021,1200430,6454,5039.286,20379,210,105.429,10810.116,58.12,45.38,183.517,1.891,0.949,1.13
PHL,Philippines,28/05/2021,1209154,8724,5393,20566,187,114.714,10888.678,78.561,48.565,185.201,1.684,1.033,1.18
PHL,Philippines,29/05/2021,1216582,7428,5480.714,20722,156,110.857,10955.568,66.891,49.355,186.606,1.405,0.998,1.15
PHL,Philippines,30/05/2021,1223627,7045,6259.286,20860,138,129.857,11019.01,63.442,56.366,187.849,1.243,1.169,1.13
PHL,Philippines,31/05/2021,1230301,6674,6513.571,20966,106,140.429,11079.111,60.101,58.656,188.803,0.955,1.265,1.1
PHL,Philippines,01/06/2021,1235467,5166,6685,21012,46,141.857,11125.632,46.521,60.2,189.217,0.414,1.277,1.08
PHL,Philippines,02/06/2021,1240716,5249,6677.143,21158,146,141.286,11172.9,47.268,60.129,190.532,1.315,1.272,1.06
PHL,Philippines,03/06/2021,1247899,7183,6781.286,21357,199,139.714,11237.584,64.684,61.067,192.324,1.792,1.258,1.06
PHL,Philippines,04/06/2021,1255337,7438,6597.571,21537,180,138.714,11304.565,66.981,59.412,193.945,1.621,1.249,1.04
PHL,Philippines,05/06/2021,1262273,6936,6527.286,21732,195,144.286,11367.025,62.46,58.78,195.701,1.756,1.299,1.03
PHL,Philippines,06/06/2021,1269478,7205,6550.143,21898,166,148.286,11431.907,64.882,58.985,197.196,1.495,1.335,1.04
PHL,Philippines,07/06/2021,1276004,6526,6529,21969,71,143.286,11490.675,58.768,58.795,197.835,0.639,1.29,1.03
PHL,Philippines,08/06/2021,1280773,4769,6472.286,22064,95,150.286,11533.621,42.946,58.284,198.691,0.855,1.353,1.02
PHL,Philippines,09/06/2021,1286217,5444,6500.143,22190,126,147.429,11582.646,49.024,58.535,199.825,1.135,1.328,1.03
PHL,Philippines,10/06/2021,1293687,7470,6541.143,22312,122,136.429,11649.914,67.269,58.904,200.924,1.099,1.229,1.03
PHL,Philippines,11/06/2021,1300349,6662,6430.286,22507,195,138.571,11709.907,59.993,57.906,202.68,1.756,1.248,1.01
PHL,Philippines,12/06/2021,1308352,8003,6582.714,22652,145,131.429,11781.976,72.069,59.279,203.986,1.306,1.184,1.03
PHL,Philippines,13/06/2021,1315639,7287,6594.429,22788,136,127.143,11847.597,65.621,59.384,205.211,1.225,1.145,1.03
PHL,Philippines,14/06/2021,1322053,6414,6578.429,22845,57,125.143,11905.356,57.759,59.24,205.724,0.513,1.127,1.01
PHL,Philippines,15/06/2021,1327431,5378,6665.429,22963,118,128.429,11953.786,48.43,60.024,206.786,1.063,1.157,1
PHL,Philippines,16/06/2021,1332832,5401,6659.286,23121,158,133,12002.423,48.637,59.968,208.209,1.423,1.198,0.98
PHL,Philippines,17/06/2021,1339457,6625,6538.571,23276,155,137.714,12062.083,59.659,58.881,209.605,1.396,1.24,0.96
PHL,Philippines,18/06/2021,1346276,6819,6561,23385,109,125.429,12123.489,61.406,59.083,210.587,0.982,1.13,0.93
PHL,Philippines,19/06/2021,1353220,6944,6409.714,23538,153,126.571,12186.021,62.532,57.721,211.964,1.378,1.14,0.92
PHL,Philippines,20/06/2021,1359015,5795,6196.571,23621,83,119,12238.206,52.185,55.801,212.712,0.747,1.072,0.9
PHL,Philippines,21/06/2021,1364239,5224,6026.571,23749,128,129.143,12285.25,47.043,54.271,213.865,1.153,1.163,0.89
PHL,Philippines,22/06/2021,1367894,3655,5780.429,23809,60,120.857,12318.164,32.914,52.054,214.405,0.54,1.088,0.89
PHL,Philippines,23/06/2021,1372232,4338,5628.571,23928,119,115.286,12357.228,39.065,50.686,215.477,1.072,1.038,0.92
PHL,Philippines,24/06/2021,1378260,6028,5543.286,24036,108,108.571,12411.511,54.283,49.918,216.449,0.973,0.978,0.95
PHL,Philippines,25/06/2021,1385053,6793,5539.571,24152,116,109.571,12472.684,61.172,49.885,217.494,1.045,0.987,0.98
PHL,Philippines,26/06/2021,1391911,6858,5527.286,24244,92,100.857,12534.442,61.758,49.774,218.322,0.828,0.908,0.99
PHL,Philippines,27/06/2021,1397992,6081,5568.143,24372,128,107.286,12589.202,54.761,50.142,219.475,1.153,0.966,0.98
PHL,Philippines,28/06/2021,1403588,5596,5621.286,24456,84,101,12639.595,50.393,50.621,220.231,0.756,0.91,0.97
PHL,Philippines,29/06/2021,1408058,4470,5737.714,24557,101,106.857,12679.849,40.253,51.669,221.141,0.91,0.962,0.97
PHL,Philippines,30/06/2021,1412559,4501,5761,24662,105,104.857,12720.381,40.532,51.879,222.086,0.946,0.944,0.96
PHL,Philippines,01/07/2021,1418337,5778,5725.286,24797,135,108.714,12772.413,52.032,51.557,223.302,1.216,0.979,0.96
PHL,Philippines,02/07/2021,1424518,6181,5637.857,24973,176,117.286,12828.074,55.661,50.77,224.887,1.585,1.056,0.95
PHL,Philippines,03/07/2021,1430419,5901,5501.143,25063,90,117,12881.214,53.14,49.539,225.697,0.81,1.054,0.95
PHL,Philippines,04/07/2021,1436369,5950,5482.429,25149,86,111,12934.795,53.581,49.37,226.472,0.774,1,0.96
PHL,Philippines,05/07/2021,1441746,5377,5451.143,25192,43,105.143,12983.216,48.421,49.089,226.859,0.387,0.947,0.96
PHL,Philippines,06/07/2021,1445832,4086,5396.286,25296,104,105.571,13020.011,36.795,48.595,227.796,0.937,0.951,0.95
PHL,Philippines,07/07/2021,1450110,4278,5364.429,25459,163,113.857,13058.535,38.524,48.308,229.263,1.468,1.025,0.95
PHL,Philippines,08/07/2021,1455585,5475,5321.143,25650,191,121.857,13107.839,49.303,47.918,230.983,1.72,1.097,0.95
PHL,Philippines,09/07/2021,1461455,5870,5276.714,25720,70,106.714,13160.699,52.861,47.518,231.614,0.63,0.961,0.95
PHL,Philippines,10/07/2021,1467119,5664,5242.857,25816,96,107.571,13211.705,51.005,47.213,232.478,0.864,0.969,0.95
PHL,Philippines,11/07/2021,1473025,5906,5236.571,25921,105,110.286,13264.89,53.185,47.156,233.424,0.946,0.993,0.96
PHL,Philippines,12/07/2021,1478061,5036,5187.857,26015,94,117.571,13310.24,45.35,46.718,234.27,0.846,1.059,0.95
PHL,Philippines,13/07/2021,1481660,3599,5118.286,26092,77,113.714,13342.65,32.41,46.091,234.964,0.693,1.024,0.94
PHL,Philippines,14/07/2021,1485457,3797,5049.571,26232,140,110.429,13376.842,34.193,45.472,236.224,1.261,0.994,0.95
PHL,Philippines,15/07/2021,1490665,5208,5011.429,26314,82,94.857,13423.741,46.899,45.129,236.963,0.738,0.854,0.97
PHL,Philippines,16/07/2021,1496328,5663,4981.857,26476,162,108,13474.738,50.996,44.863,238.422,1.459,0.973,0.99
PHL,Philippines,17/07/2021,1502359,6031,5034.286,26598,122,111.714,13529.048,54.31,45.335,239.52,1.099,1.006,1.02
PHL,Philippines,18/07/2021,1507755,5396,4961.429,26714,116,113.286,13577.64,48.592,44.679,240.565,1.045,1.02,1.04
PHL,Philippines,19/07/2021,1513396,5641,5047.857,26786,72,110.143,13628.439,50.798,45.457,241.213,0.648,0.992,1.07
PHL,Philippines,20/07/2021,1517903,4507,5177.571,26844,58,107.429,13669.025,40.586,46.625,241.736,0.522,0.967,1.1
PHL,Philippines,21/07/2021,1524449,6546,5570.286,26874,30,91.714,13727.973,58.948,50.162,242.006,0.27,0.826,1.14
PHL,Philippines,22/07/2021,1530266,5817,5657.286,26891,17,82.429,13780.356,52.383,50.945,242.159,0.153,0.742,1.1
PHL,Philippines,23/07/2021,1537097,6831,5824.143,26891,0,59.286,13841.871,61.515,52.448,242.159,0,0.534,1.08
PHL,Philippines,24/07/2021,1543281,6184,5846,27131,240,76.143,13897.559,55.688,52.644,244.32,2.161,0.686,1.06
PHL,Philippines,25/07/2021,1548755,5474,5857.143,27224,93,72.857,13946.854,49.294,52.745,245.158,0.837,0.656,1.06
PHL,Philippines,26/07/2021,1555396,6641,6000,27247,23,65.857,14006.657,59.804,54.031,245.365,0.207,0.593,1.11
PHL,Philippines,27/07/2021,1562420,7024,6359.571,27318,71,67.714,14069.91,63.253,57.269,246.004,0.639,0.61,1.14
PHL,Philippines,28/07/2021,1566667,4247,6031.143,27401,83,75.286,14108.155,38.245,54.312,246.752,0.747,0.678,1.09
PHL,Philippines,29/07/2021,1572287,5620,6003,27577,176,98,14158.764,50.609,54.058,248.336,1.585,0.883,1.11
PHL,Philippines,30/07/2021,1580824,8537,6246.714,27722,145,118.714,14235.641,76.877,56.253,249.642,1.306,1.069,1.17
PHL,Philippines,31/07/2021,1588965,8141,6526.286,27889,167,108.286,14308.953,73.311,58.771,251.146,1.504,0.975,1.2
PHL,Philippines,01/08/2021,1597689,8724,6990.571,28016,127,113.143,14387.514,78.561,62.952,252.29,1.144,1.019,1.22
PHL,Philippines,02/08/2021,1605762,8073,7195.143,28093,77,120.857,14460.213,72.699,64.794,252.983,0.693,1.088,1.21
PHL,Philippines,03/08/2021,1612541,6779,7160.143,28141,48,117.571,14521.26,61.046,64.479,253.415,0.432,1.059,1.21
PHL,Philippines,04/08/2021,1619824,7283,7593.857,28231,90,118.571,14586.844,65.585,68.384,254.226,0.81,1.068,1.2
PHL,Philippines,05/08/2021,1627816,7992,7932.714,28427,196,121.429,14658.814,71.97,71.436,255.991,1.765,1.093,1.21
PHL,Philippines,06/08/2021,1638345,10529,8217.286,28673,246,135.857,14753.63,94.816,73.998,258.206,2.215,1.223,1.23
PHL,Philippines,07/08/2021,1649341,10996,8625.143,28835,162,135.143,14852.651,99.021,77.671,259.665,1.459,1.217,1.24
PHL,Philippines,08/08/2021,1658916,9575,8746.714,29122,287,158,14938.876,86.225,78.766,262.25,2.584,1.423,1.22
PHL,Philippines,09/08/2021,1667714,8798,8850.286,29128,6,147.857,15018.104,79.228,79.699,262.304,0.054,1.331,1.22
PHL,Philippines,10/08/2021,1676156,8442,9087.857,29220,92,154.143,15094.126,76.022,81.838,263.132,0.828,1.388,1.27
PHL,Philippines,11/08/2021,1688040,11884,9745.143,29374,154,163.286,15201.143,107.018,87.757,264.519,1.387,1.47,1.32
PHL,Philippines,12/08/2021,1700363,12323,10363.857,29539,165,158.857,15312.114,110.971,93.329,266.005,1.486,1.431,1.31
PHL,Philippines,13/08/2021,1713302,12939,10708.143,29838,299,166.429,15428.633,116.518,96.429,268.697,2.693,1.499,1.28
PHL,Philippines,14/08/2021,1727231,13929,11127.143,30070,232,176.429,15554.066,125.433,100.202,270.786,2.089,1.589,1.28
PHL,Philippines,15/08/2021,1741616,14385,11814.286,30340,270,174,15683.606,129.54,106.39,273.218,2.431,1.567,1.27
PHL,Philippines,16/08/2021,1755846,14230,12590.286,30366,26,176.857,15811.75,128.144,113.378,273.452,0.234,1.593,1.24
PHL,Philippines,17/08/2021,1765675,9829,12788.429,30462,96,177.429,15900.262,88.512,115.162,274.317,0.864,1.598,1.2
PHL,Philippines,18/08/2021,1776495,10820,12636.429,30623,161,178.429,15997.699,97.436,113.794,275.766,1.45,1.607,1.19
PHL,Philippines,19/08/2021,1791003,14508,12948.571,30881,258,191.714,16128.346,130.647,116.605,278.09,2.323,1.726,1.21
PHL,Philippines,20/08/2021,1807800,16797,13499.714,31198,317,194.286,16279.607,151.26,121.568,280.944,2.855,1.75,1.22
PHL,Philippines,21/08/2021,1824051,16251,13831.429,31596,398,218,16425.95,146.344,124.555,284.528,3.584,1.963,1.21
PHL,Philippines,22/08/2021,1839635,15584,14002.714,31810,214,210,16566.287,140.337,126.097,286.456,1.927,1.891,1.2
PHL,Philippines,23/08/2021,1857646,18011,14542.857,31961,151,227.857,16728.48,162.193,130.961,287.815,1.36,2.052,1.2
PHL,Philippines,24/08/2021,1869691,12045,14859.429,32264,303,257.429,16836.948,108.468,133.812,290.544,2.729,2.318,1.17
PHL,Philippines,25/08/2021,1883088,13397,15227.571,32492,228,267,16957.59,120.643,137.127,292.597,2.053,2.404,1.16
PHL,Philippines,26/08/2021,1899200,16112,15456.714,32728,236,263.857,17102.682,145.092,139.191,294.722,2.125,2.376,1.15
PHL,Philippines,27/08/2021,1916461,17261,15523,32841,113,234.714,17258.121,155.439,139.788,295.74,1.018,2.114,1.15
PHL,Philippines,28/08/2021,1935700,19239,15949.857,33008,167,201.714,17431.372,173.251,143.632,297.244,1.504,1.816,1.17
PHL,Philippines,29/08/2021,1954023,18323,16341.143,33109,101,185.571,17596.374,165.002,147.155,298.153,0.91,1.671,1.18
PHL,Philippines,30/08/2021,1976202,22179,16936.571,33330,221,195.571,17796.101,199.726,152.517,300.143,1.99,1.761,1.18
PHL,Philippines,31/08/2021,1989857,13655,17166.571,33448,118,169.143,17919.067,122.966,154.588,301.206,1.063,1.523,1.13
PHL,Philippines,01/09/2021,2003955,14098,17266.714,33533,85,148.714,18046.022,126.955,155.49,301.971,0.765,1.339,1.1
PHL,Philippines,02/09/2021,2020484,16529,17326.286,33680,147,136,18194.869,148.847,156.027,303.295,1.324,1.225,1.08
PHL,Philippines,03/09/2021,2040568,20084,17729.571,33873,193,147.429,18375.73,180.861,159.658,305.033,1.738,1.328,1.11
PHL,Philippines,04/09/2021,2061084,20516,17912,34062,189,150.571,18560.48,184.751,161.301,306.735,1.702,1.356,1.12
PHL,Philippines,05/09/2021,2080984,19900,18137.286,34234,172,160.714,18739.684,179.204,163.33,308.284,1.549,1.447,1.14
PHL,Philippines,06/09/2021,2103331,22347,18161.286,34337,103,143.857,18940.923,201.239,163.546,309.212,0.928,1.295,1.15
PHL,Philippines,07/09/2021,2121308,17977,18778.714,34498,161,150,19102.81,161.887,169.106,310.662,1.45,1.351,1.14
PHL,Philippines,08/09/2021,2134005,12697,18578.571,34672,174,162.714,19217.149,114.339,167.304,312.228,1.567,1.465,1.12
PHL,Philippines,09/09/2021,2161892,27887,20201.143,34733,61,150.429,19468.277,251.128,181.915,312.778,0.549,1.355,1.16
PHL,Philippines,10/09/2021,2179770,17878,19886,34899,166,146.571,19629.272,160.995,179.077,314.273,1.495,1.32,1.1
PHL,Philippines,11/09/2021,2206021,26251,20705.286,34978,79,130.857,19865.668,236.396,186.455,314.984,0.711,1.178,1.11
PHL,Philippines,12/09/2021,2227367,21346,20911.857,35145,167,130.143,20057.893,192.225,188.316,316.488,1.504,1.172,1.08
PHL,Philippines,13/09/2021,2248071,20704,20677.143,35307,162,138.571,20244.336,186.444,186.202,317.947,1.459,1.248,1.06
PHL,Philippines,14/09/2021,2266066,17995,20679.714,35529,222,147.286,20406.385,162.049,186.225,319.946,1.999,1.326,1.05
PHL,Philippines,15/09/2021,2283011,16945,21286.571,35742,213,152.857,20558.978,152.593,191.69,321.864,1.918,1.377,1.03
PHL,Philippines,16/09/2021,2304192,21181,20328.571,36018,276,183.571,20749.717,190.739,183.063,324.349,2.485,1.653,1.01
PHL,Philippines,17/09/2021,2324475,20283,20672.143,36328,310,204.143,20932.37,182.653,186.157,327.141,2.792,1.838,0.99
PHL,Philippines,18/09/2021,2347550,23075,20218.429,36583,255,229.286,21140.165,207.795,182.071,329.437,2.296,2.065,0.98
PHL,Philippines,19/09/2021,2366749,19199,19911.714,36788,205,234.714,21313.056,172.891,179.309,331.283,1.846,2.114,0.96
PHL,Philippines,20/09/2021,2385616,18867,19649.286,36934,146,232.429,21482.957,169.901,176.946,332.598,1.315,2.093,0.95
PHL,Philippines,21/09/2021,2401916,16300,19407.143,37074,140,220.714,21629.742,146.785,174.765,333.859,1.261,1.988,0.95
PHL,Philippines,22/09/2021,2417419,15503,19201.143,37228,154,212.286,21769.35,139.608,172.91,335.246,1.387,1.912,0.94
PHL,Philippines,23/09/2021,2434753,17334,18651.571,37405,177,198.143,21925.446,156.096,167.961,336.84,1.594,1.784,0.91
PHL,Philippines,24/09/2021,2453328,18575,18407.571,37405,0,153.857,22092.717,167.272,165.764,336.84,0,1.386,0.9
PHL,Philippines,25/09/2021,2470175,16847,17517.857,37405,0,117.429,22244.428,151.711,157.752,336.84,0,1.057,0.9
PHL,Philippines,26/09/2021,2490858,20683,17729.857,37405,0,88.143,22430.683,186.255,159.661,336.84,0,0.794,0.93
PHL,Philippines,27/09/2021,2509177,18319,17651.571,37494,89,80,22595.649,164.966,158.956,337.641,0.801,0.72,0.93
PHL,Philippines,28/09/2021,2522965,13788,17292.714,37686,192,87.429,22719.813,124.164,155.724,339.37,1.729,0.787,0.9
PHL,Philippines,29/09/2021,2535732,12767,16901.857,38164,478,133.714,22834.782,114.969,152.205,343.675,4.304,1.204,0.86
PHL,Philippines,30/09/2021,2549966,14234,16459,38294,130,127,22962.962,128.18,148.217,344.845,1.171,1.144,0.82
PHL,Philippines,01/10/2021,2565487,15521,16022.714,38493,199,155.429,23102.732,139.77,144.288,346.637,1.792,1.4,0.8
PHL,Philippines,02/10/2021,2580173,14686,15714,38656,163,178.714,23234.982,132.25,141.508,348.105,1.468,1.609,0.78
PHL,Philippines,03/10/2021,2593399,13226,14648.714,38768,112,194.714,23354.085,119.103,131.915,349.114,1.009,1.753,0.76
PHL,Philippines,04/10/2021,2604040,10641,13551.857,38828,60,190.571,23449.91,95.824,122.037,349.654,0.54,1.716,0.76
PHL,Philippines,05/10/2021,2613070,9030,12872.143,38828,0,163.143,23531.227,81.317,115.916,349.654,0,1.469,0.76
PHL,Philippines,06/10/2021,2622917,9847,12455,38828,0,94.857,23619.901,88.674,112.16,349.654,0,0.854,0.76
PHL,Philippines,07/10/2021,2632881,9964,11845,38837,9,77.571,23709.629,89.728,106.667,349.735,0.081,0.699,0.74
PHL,Philippines,08/10/2021,2643494,10613,11143.857,39232,395,105.571,23805.201,95.572,100.353,353.292,3.557,0.951,0.74
PHL,Philippines,09/10/2021,2654450,10956,10611,39505,273,121.286,23903.862,98.661,95.554,355.751,2.458,1.092,0.76
PHL,Philippines,10/10/2021,2666562,12112,10451.857,39624,119,122.286,24012.933,109.071,94.121,356.822,1.072,1.101,0.78
PHL,Philippines,11/10/2021,2674814,8252,10110.571,39660,36,118.857,24087.244,74.311,91.048,357.146,0.324,1.07,0.77
PHL,Philippines,12/10/2021,2683372,8558,10043.143,39896,236,152.571,24164.31,77.067,90.441,359.272,2.125,1.374,0.78
PHL,Philippines,13/10/2021,2690455,7083,9648.286,40069,173,177.286,24228.094,63.784,86.885,360.829,1.558,1.596,0.74
PHL,Philippines,14/10/2021,2698232,7777,9335.857,40221,152,197.714,24298.128,70.033,84.071,362.198,1.369,1.78,0.71
PHL,Philippines,15/10/2021,2705792,7560,8899.714,40424,203,170.286,24366.207,68.079,80.144,364.026,1.828,1.533,0.68
PHL,Philippines,16/10/2021,2713509,7717,8437,40580,156,153.571,24435.7,69.493,75.977,365.431,1.405,1.383,0.68
PHL,Philippines,17/10/2021,2720368,6859,7686.571,40675,95,150.143,24497.467,61.767,69.219,366.287,0.855,1.352,0.68
PHL,Philippines,18/10/2021,2727286,6918,7496,40761,86,157.286,24559.765,62.298,67.503,367.061,0.774,1.416,0.69
PHL,Philippines,19/10/2021,2731735,4449,6909,40972,211,153.714,24599.829,40.064,62.217,368.961,1.9,1.384,0.67
PHL,Philippines,20/10/2021,2735369,3634,6416.286,40977,5,129.714,24632.554,32.725,57.78,369.006,0.045,1.168,0.65
PHL,Philippines,21/10/2021,2740111,4742,5982.714,41237,260,145.143,24675.257,42.703,53.876,371.348,2.341,1.307,0.65
PHL,Philippines,22/10/2021,2745889,5778,5728.143,41520,283,156.571,24727.289,52.032,51.583,373.896,2.548,1.41,0.66
PHL,Philippines,23/10/2021,2751667,5778,5451.143,41585,65,143.571,24779.321,52.032,49.089,374.481,0.585,1.293,0.69
PHL,Philippines,24/10/2021,2756923,5256,5222.143,41793,208,159.714,24826.652,47.331,47.026,376.354,1.873,1.438,0.71
PHL,Philippines,25/10/2021,2761307,4384,4860.143,41942,149,168.714,24866.131,39.479,43.767,377.696,1.342,1.519,0.73
PHL,Philippines,26/10/2021,2765672,4365,4848.143,42077,135,157.857,24905.439,39.308,43.659,378.912,1.216,1.422,0.75
PHL,Philippines,27/10/2021,2768849,3177,4782.857,42348,271,195.857,24934.048,28.61,43.071,381.352,2.44,1.764,0.74
PHL,Philippines,28/10/2021,2772491,3642,4625.714,42575,227,191.143,24966.845,32.797,41.655,383.397,2.044,1.721,0.75
PHL,Philippines,29/10/2021,2779943,7452,4864.857,42621,46,157.286,25033.952,67.107,43.809,383.811,0.414,1.416,0.79
PHL,Philippines,30/10/2021,2783896,3953,4604.143,43044,423,208.429,25069.549,35.598,41.461,387.62,3.809,1.877,0.71
PHL,Philippines,31/10/2021,2787276,3380,4336.143,43172,128,197,25099.987,30.438,39.048,388.773,1.153,1.774,0.66
PHL,Philippines,01/11/2021,2790375,3099,4152.571,43276,104,190.571,25127.894,27.907,37.395,389.709,0.937,1.716,0.64
PHL,Philippines,02/11/2021,2792656,2281,3854.857,43404,128,189.571,25148.435,20.541,34.714,390.862,1.153,1.707,0.6
PHL,Philippines,03/11/2021,2793898,1242,3578.429,43586,182,176.857,25159.619,11.184,32.224,392.501,1.639,1.593,0.54
PHL,Philippines,04/11/2021,2795642,1744,3307.286,43825,239,178.571,25175.325,15.705,29.783,394.653,2.152,1.608,0.53
PHL,Philippines,05/11/2021,2797986,2344,2577.571,44085,260,209.143,25196.433,21.108,23.212,396.994,2.341,1.883,0.55
PHL,Philippines,06/11/2021,2800621,2635,2389.286,44239,154,170.714,25220.161,23.729,21.516,398.381,1.387,1.537,0.61
PHL,Philippines,07/11/2021,2803213,2592,2276.714,44430,191,179.714,25243.503,23.341,20.502,400.101,1.72,1.618,0.66
PHL,Philippines,08/11/2021,2805294,2081,2131.286,44521,91,177.857,25262.243,18.74,19.193,400.921,0.819,1.602,0.7
PHL,Philippines,09/11/2021,2806694,1400,2005.429,44567,46,166.143,25274.85,12.607,18.059,401.335,0.414,1.496,0.71
PHL,Philippines,10/11/2021,2809311,2617,2201.857,44665,98,154.143,25298.417,23.567,19.828,402.217,0.883,1.388,0.74
PHL,Philippines,11/11/2021,2811248,1937,2229.429,44866,201,148.714,25315.86,17.443,20.076,404.027,1.81,1.339,0.69
PHL,Philippines,12/11/2021,2813115,1867,2161.286,45035,169,135.714,25332.672,16.813,19.463,405.549,1.522,1.222,0.65
PHL,Philippines,13/11/2021,2815080,1965,2065.571,45272,237,147.571,25350.368,17.695,18.601,407.684,2.134,1.329,0.66
PHL,Philippines,14/11/2021,2816980,1900,1966.714,45581,309,164.429,25367.478,17.11,17.711,410.466,2.783,1.481,0.67
PHL,Philippines,15/11/2021,2818511,1531,1888.143,45709,128,169.714,25381.265,13.787,17.003,411.619,1.153,1.528,0.68
PHL,Philippines,16/11/2021,2819341,830,1806.714,45808,99,177.286,25388.739,7.474,16.27,412.51,0.892,1.596,0.65
PHL,Philippines,17/11/2021,2820494,1153,1597.571,46117,309,207.429,25399.122,10.383,14.386,415.293,2.783,1.868,0.64
PHL,Philippines,18/11/2021,2821753,1259,1500.714,46422,305,222.286,25410.459,11.338,13.514,418.04,2.747,2.002,0.63
PHL,Philippines,19/11/2021,2823210,1457,1442.143,46698,276,237.571,25423.58,13.121,12.987,420.525,2.485,2.139,0.64
PHL,Philippines,20/11/2021,2824499,1289,1345.571,46903,205,233,25435.188,11.608,12.117,422.371,1.846,2.098,0.67
PHL,Philippines,21/11/2021,2826410,1911,1347.143,47074,171,213.286,25452.397,17.209,12.131,423.911,1.54,1.921,0.71
PHL,Philippines,22/11/2021,2826853,443,1191.714,47288,214,225.571,25456.386,3.989,10.732,425.838,1.927,2.031,0.66
PHL,Philippines,23/11/2021,2827820,967,1211.286,47482,194,239.143,25465.094,8.708,10.908,427.585,1.747,2.154,0.67
PHL,Philippines,24/11/2021,2828660,840,1166.571,47682,200,223.571,25472.658,7.564,10.505,429.386,1.801,2.013,0.63
PHL,Philippines,25/11/2021,2829618,958,1123.571,47875,193,207.571,25481.285,8.627,10.118,431.124,1.738,1.869,0.58
PHL,Philippines,26/11/2021,2830387,769,1025.286,48017,142,188.429,25488.21,6.925,9.233,432.403,1.279,1.697,0.53
PHL,Philippines,27/11/2021,2831177,790,954,48205,188,186,25495.324,7.114,8.591,434.096,1.693,1.675,0.53
PHL,Philippines,28/11/2021,2831807,630,771,48361,156,183.857,25500.998,5.673,6.943,435.501,1.405,1.656,0.53
PHL,Philippines,29/11/2021,2832375,568,788.857,48501,140,173.286,25506.113,5.115,7.104,436.761,1.261,1.56,0.55
PHL,Philippines,30/11/2021,2832734,359,702,48545,44,151.857,25509.346,3.233,6.322,437.158,0.396,1.368,0.53
PHL,Philippines,01/12/2021,2833038,304,625.429,48712,167,147.143,25512.083,2.738,5.632,438.661,1.504,1.325,0.48
PHL,Philippines,02/12/2021,2833473,435,550.714,48752,40,125.286,25516,3.917,4.959,439.022,0.36,1.128,0.46
PHL,Philippines,03/12/2021,2833878,405,498.714,48987,235,138.571,25519.648,3.647,4.491,441.138,2.116,1.248,0.45
PHL,Philippines,04/12/2021,2834294,416,445.286,49230,243,146.429,25523.394,3.746,4.01,443.326,2.188,1.319,0.5
PHL,Philippines,05/12/2021,2834775,481,424,49386,156,146.429,25527.725,4.332,3.818,444.731,1.405,1.319,0.56
PHL,Philippines,06/12/2021,2835154,379,397,49499,113,142.571,25531.138,3.413,3.575,445.749,1.018,1.284,0.59
PHL,Philippines,07/12/2021,2835345,191,373,49591,92,149.429,25532.858,1.72,3.359,446.577,0.828,1.346,0.57
PHL,Philippines,08/12/2021,2835593,248,365,49761,170,149.857,25535.091,2.233,3.287,448.108,1.531,1.349,0.53
PHL,Philippines,09/12/2021,2835996,403,360.429,49936,175,169.143,25538.721,3.629,3.246,449.684,1.576,1.523,0.49
PHL,Philippines,10/12/2021,2836200,204,331.714,49961,25,139.143,25540.558,1.837,2.987,449.909,0.225,1.253,0.41
PHL,Philippines,11/12/2021,2836360,160,295.143,50096,135,123.714,25541.998,1.441,2.658,451.125,1.216,1.114,0.42
PHL,Philippines,12/12/2021,2836592,232,259.571,50280,184,127.714,25544.088,2.089,2.337,452.782,1.657,1.15,0.48
PHL,Philippines,13/12/2021,2836803,211,235.571,50341,61,120.286,25545.988,1.9,2.121,453.331,0.549,1.083,0.52
PHL,Philippines,14/12/2021,2836868,65,217.571,50351,10,108.571,25546.573,0.585,1.959,453.421,0.09,0.978,0.49
PHL,Philippines,15/12/2021,2836915,47,188.857,50449,98,98.286,25546.996,0.423,1.701,454.304,0.883,0.885,0.46
PHL,Philippines,16/12/2021,2837016,101,145.714,50496,47,80,25547.906,0.91,1.312,454.727,0.423,0.72,0.51
PHL,Philippines,17/12/2021,2837464,448,180.571,50570,74,87,25551.94,4.034,1.626,455.393,0.666,0.783,0.64
PHL,Philippines,18/12/2021,2837555,91,170.714,50675,105,82.714,25552.76,0.819,1.537,456.339,0.946,0.745,0.54
PHL,Philippines,19/12/2021,2837577,22,140.714,50739,64,65.571,25552.958,0.198,1.267,456.915,0.576,0.59,0.55
PHL,Philippines,20/12/2021,2837730,153,132.429,50784,45,63.286,25554.336,1.378,1.193,457.32,0.405,0.57,0.69
PHL,Philippines,21/12/2021,2837719,,,50794,10,63.286,25554.236,,,457.41,0.09,0.57,0.76
PHL,Philippines,22/12/2021,2837784,65,125.714,50916,122,66.714,25554.822,0.585,1.132,458.509,1.099,0.601,0.84
PHL,Philippines,23/12/2021,2837903,119,128.286,50981,65,69.286,25555.893,1.072,1.155,459.094,0.585,0.624,0.91
PHL,Philippines,24/12/2021,2838032,129,82.714,51050,69,68.571,25557.055,1.162,0.745,459.716,0.621,0.617,1.11
PHL,Philippines,25/12/2021,2838381,349,119.571,51187,137,73.143,25560.198,3.143,1.077,460.949,1.234,0.659,1.5
PHL,Philippines,26/12/2021,2838640,259,153.429,51200,13,65.857,25562.53,2.332,1.382,461.066,0.117,0.593,1.7
PHL,Philippines,27/12/2021,2838792,152,153.286,51211,11,61,25563.899,1.369,1.38,461.165,0.099,0.549,1.98
PHL,Philippines,28/12/2021,2839111,319,198.857,51213,2,59.857,25566.772,2.873,1.791,461.183,0.018,0.539,2.55
PHL,Philippines,29/12/2021,2839790,679,286.571,51241,28,46.429,25572.886,6.115,2.581,461.436,0.252,0.418,3.26
PHL,Philippines,30/12/2021,2841260,1470,479.571,51373,132,56,25586.124,13.238,4.319,462.624,1.189,0.504,3.94
PHL,Philippines,31/12/2021,2843979,2719,849.571,51504,131,64.857,25610.609,24.485,7.651,463.804,1.18,0.584,4.25
PHL,Philippines,01/01/2022,2847486,3507,1300.714,51545,41,51.143,25642.19,31.581,11.713,464.173,0.369,0.461,4.1
PHL,Philippines,02/01/2022,2851931,4445,1898.714,51570,25,52.857,25682.218,40.028,17.098,464.398,0.225,0.476,3.84
PHL,Philippines,03/01/2022,2855819,3888,2432.429,51586,16,53.571,25717.231,35.012,21.905,464.542,0.144,0.482,3.58
PHL,Philippines,04/01/2022,2861119,5300,3144,51604,18,55.857,25764.958,47.728,28.312,464.705,0.162,0.503,3.6
PHL,Philippines,05/01/2022,2871745,10626,4565,51662,58,60.143,25860.648,95.689,41.109,465.227,0.522,0.542,3.77
PHL,Philippines,06/01/2022,2888917,17172,6808.143,51743,81,52.857,26015.285,154.637,61.309,465.956,0.729,0.476,3.74
PHL,Philippines,07/01/2022,2910664,21747,9526.429,51871,128,52.429,26211.121,195.836,85.787,467.109,1.153,0.472,3.49
PHL,Philippines,08/01/2022,2936875,26211,12769.857,52135,264,84.286,26447.156,236.035,114.995,469.486,2.377,0.759,3.18
PHL,Philippines,09/01/2022,2965447,28572,16216.571,52150,15,82.857,26704.453,257.297,146.034,469.621,0.135,0.746,2.87
PHL,Philippines,10/01/2022,2998530,33083,20387.286,52293,143,101,27002.372,297.919,183.592,470.909,1.288,0.91,2.6
PHL,Philippines,11/01/2022,3026473,27943,23622,52511,218,129.571,27254.005,251.632,212.721,472.872,1.963,1.167,2.28
PHL,Philippines,12/01/2022,3058634,32161,26698.429,52654,143,141.714,27543.621,289.616,240.425,474.16,1.288,1.276,2
PHL,Philippines,13/01/2022,3092409,33775,29070.286,52736,82,141.857,27847.772,304.151,261.784,474.898,0.738,1.277,1.77
PHL,Philippines,14/01/2022,3129512,37103,31264,52815,79,134.857,28181.892,334.12,281.539,475.61,0.711,1.214,1.62
PHL,Philippines,15/01/2022,3168379,38867,33072,52858,43,103.286,28531.897,350.005,297.82,475.997,0.387,0.93,1.53
PHL,Philippines,16/01/2022,3205396,37017,34278.429,52907,49,108.143,28865.243,333.346,308.684,476.438,0.441,0.974,1.45
PHL,Philippines,17/01/2022,3242374,36978,34834.857,52929,22,90.857,29198.237,332.994,313.695,476.636,0.198,0.818,1.37
PHL,Philippines,18/01/2022,3270758,28384,34897.857,52962,33,64.429,29453.841,255.604,314.262,476.934,0.297,0.58,1.24
PHL,Philippines,19/01/2022,3293625,22867,33570.143,53044,82,55.714,29659.763,205.922,302.306,477.672,0.738,0.502,1.09
PHL,Philippines,20/01/2022,3324478,30853,33152.714,53153,109,59.571,29937.6,277.838,298.547,478.654,0.982,0.536,1.01
PHL,Philippines,21/01/2022,3357083,32605,32510.143,53309,156,70.571,30231.215,293.615,292.76,480.058,1.405,0.636,0.98
PHL,Philippines,22/01/2022,3387524,30441,31306.429,53406,97,78.286,30505.342,274.127,281.921,480.932,0.874,0.705,0.95
PHL,Philippines,23/01/2022,3417216,29692,30260,53472,66,80.714,30772.725,267.382,272.497,481.526,0.594,0.727,0.94
PHL,Philippines,24/01/2022,3442056,24840,28526,53519,47,84.286,30996.414,223.689,256.882,481.949,0.423,0.759,0.9
PHL,Philippines,25/01/2022,3459646,17590,26984,53598,79,90.857,31154.816,158.402,242.996,482.661,0.711,0.818,0.83
PHL,Philippines,26/01/2022,3475293,15647,25952.571,53664,66,88.571,31295.72,140.904,233.708,483.255,0.594,0.798,0.73
PHL,Philippines,27/01/2022,3493447,18154,24138.429,53736,72,83.286,31459.2,163.48,217.371,483.904,0.648,0.75,0.67
PHL,Philippines,28/01/2022,3511491,18044,22058.286,53801,65,70.286,31621.69,162.49,198.639,484.489,0.585,0.633,0.64
PHL,Philippines,29/01/2022,3528796,17305,20181.714,53871,70,66.429,31777.525,155.835,181.74,485.119,0.63,0.598,0.65
PHL,Philippines,30/01/2022,3545680,16884,18352,53891,20,59.857,31929.569,152.044,165.263,485.299,0.18,0.539,0.67
PHL,Philippines,31/01/2022,3560202,14522,16878,54003,112,69.143,32060.343,130.774,151.99,486.308,1.009,0.623,0.66
PHL,Philippines,01/02/2022,3569665,9463,15717,54054,51,65.143,32145.559,85.216,141.535,486.767,0.459,0.587,0.61
PHL,Philippines,02/02/2022,3577298,7633,14572.143,54097,43,61.857,32214.296,68.737,131.225,487.154,0.387,0.557,0.53
PHL,Philippines,03/02/2022,3585461,8163,13144.857,54168,71,61.714,32287.805,73.509,118.372,487.794,0.639,0.556,0.46
PHL,Philippines,04/02/2022,3594002,8541,11787.286,54214,46,59,32364.719,76.913,106.147,488.208,0.414,0.531,0.44
PHL,Philippines,05/02/2022,3601471,7469,10382.143,54214,0,49,32431.979,67.26,93.493,488.208,0,0.441,0.45
PHL,Philippines,06/02/2022,3609568,8097,9126.857,54526,312,90.714,32504.894,72.915,82.189,491.018,2.81,0.817,0.49
PHL,Philippines,07/02/2022,3616387,6819,8026.429,54538,12,76.429,32566.3,61.406,72.28,491.126,0.108,0.688,0.5
PHL,Philippines,08/02/2022,3619633,3246,7138.286,54621,83,81,32595.531,29.231,64.282,491.873,0.747,0.729,0.46
PHL,Philippines,09/02/2022,3623176,3543,6554,54690,69,84.714,32627.436,31.905,59.02,492.495,0.621,0.763,0.41
PHL,Philippines,10/02/2022,3627575,4399,6016.286,54783,93,87.857,32667.05,39.614,54.178,493.332,0.837,0.791,0.37
PHL,Philippines,11/02/2022,3630637,3062,5233.571,54854,71,91.429,32694.624,27.574,47.129,493.971,0.639,0.823,0.34
PHL,Philippines,12/02/2022,3634368,3731,4699.571,54930,76,102.286,32728.223,33.598,42.321,494.656,0.684,0.921,0.36
PHL,Philippines,13/02/2022,3637280,2912,3958.857,54930,0,57.714,32754.446,26.223,35.65,494.656,0,0.52,0.39
PHL,Philippines,14/02/2022,3639942,2662,3365,55094,164,79.429,32778.418,23.972,30.303,496.133,1.477,0.715,0.43
PHL,Philippines,15/02/2022,3641940,1998,3186.714,55146,52,75,32796.41,17.992,28.697,496.601,0.468,0.675,0.45
PHL,Philippines,16/02/2022,3644597,2657,3060.143,55223,77,76.143,32820.337,23.927,27.557,497.294,0.693,0.686,0.43
PHL,Philippines,17/02/2022,3646793,2196,2745.429,55330,107,78.143,32840.112,19.775,24.723,498.258,0.964,0.704,0.38
PHL,Philippines,18/02/2022,3648925,2132,2612.571,55409,79,79.286,32859.311,19.199,23.527,498.969,0.711,0.714,0.37
PHL,Philippines,19/02/2022,3650748,1823,2340,55607,198,96.714,32875.728,16.416,21.072,500.752,1.783,0.871,0.37
PHL,Philippines,20/02/2022,3652203,1455,2131.857,55684,77,107.714,32888.83,13.103,19.198,501.446,0.693,0.97,0.38
PHL,Philippines,21/02/2022,3653526,1323,1940.571,55763,79,95.571,32900.744,11.914,17.475,502.157,0.711,0.861,0.42
PHL,Philippines,22/02/2022,3654284,758,1763.429,55776,13,90,32907.57,6.826,15.88,502.274,0.117,0.81,0.44
PHL,Philippines,23/02/2022,3655709,1425,1587.429,55977,201,107.714,32920.403,12.832,14.295,504.084,1.81,0.97,0.46
PHL,Philippines,24/02/2022,3657342,1633,1507,56165,188,119.286,32935.108,14.705,13.571,505.777,1.693,1.074,0.47
PHL,Philippines,25/02/2022,3658892,1550,1423.857,56224,59,116.429,32949.066,13.958,12.822,506.309,0.531,1.048,0.46
PHL,Philippines,26/02/2022,3660020,1128,1324.571,56351,127,106.286,32959.224,10.158,11.928,507.452,1.144,0.957,0.46
PHL,Philippines,27/02/2022,3661049,1029,1263.714,56401,50,102.429,32968.491,9.266,11.38,507.902,0.45,0.922,0.48
PHL,Philippines,28/02/2022,3661997,948,1210.143,56451,50,98.286,32977.027,8.537,10.898,508.353,0.45,0.885,0.53
PHL,Philippines,01/03/2022,3663059,1062,1253.571,56451,0,96.429,32986.591,9.564,11.289,508.353,0,0.868,0.57
PHL,Philippines,02/03/2022,3663920,861,1173,56504,53,75.286,32994.344,7.753,10.563,508.83,0.477,0.678,0.54
PHL,Philippines,03/03/2022,3664905,985,1080.429,56538,34,53.286,33003.215,8.87,9.729,509.136,0.306,0.48,0.53
PHL,Philippines,04/03/2022,3665747,842,979.286,56770,232,78,33010.797,7.582,8.819,511.225,2.089,0.702,0.52
PHL,Philippines,05/03/2022,3666678,931,951.143,56879,109,75.429,33019.181,8.384,8.565,512.207,0.982,0.679,0.54
PHL,Philippines,06/03/2022,3667542,864,927.571,57023,144,88.857,33026.961,7.78,8.353,513.504,1.297,0.8,0.56
PHL,Philippines,07/03/2022,3668268,726,895.857,57066,43,87.857,33033.499,6.538,8.067,513.891,0.387,0.791,0.58
PHL,Philippines,08/03/2022,3668710,442,807.286,57072,6,88.714,33037.479,3.98,7.27,513.945,0.054,0.799,0.59
PHL,Philippines,09/03/2022,3669283,573,766.143,57182,110,96.857,33042.639,5.16,6.899,514.936,0.991,0.872,0.58
PHL,Philippines,10/03/2022,3668940,,,57258,76,102.857,33039.551,,,515.62,0.684,0.926,0.6
PHL,Philippines,11/03/2022,3669523,583,588.429,57317,59,78.143,33044.801,5.25,5.299,516.151,0.531,0.704,0.62
PHL,Philippines,12/03/2022,3670177,654,548.857,57441,124,80.286,33050.69,5.889,4.943,517.268,1.117,0.723,0.64
PHL,Philippines,13/03/2022,3670739,562,505.714,57610,169,83.857,33055.751,5.061,4.554,518.79,1.522,0.755,0.66
PHL,Philippines,14/03/2022,3671293,554,481.143,57625,15,79.857,33060.74,4.989,4.333,518.925,0.135,0.719,0.68
PHL,Philippines,15/03/2022,3671293,0,418,57625,0,79,33060.74,0,3.764,518.925,0,0.711,0.68
PHL,Philippines,16/03/2022,3672069,776,447,57735,110,79,33067.728,6.988,4.025,519.915,0.991,0.711,0.79
PHL,Philippines,17/03/2022,3672661,592,531.571,57880,145,88.857,33073.059,5.331,4.787,521.221,1.306,0.8,0.79
PHL,Philippines,18/03/2022,3673201,540,525.429,57999,119,97.429,33077.922,4.863,4.732,522.293,1.072,0.877,0.77
PHL,Philippines,19/03/2022,3673717,516,505.714,58023,24,83.143,33082.568,4.647,4.554,522.509,0.216,0.749,0.76
PHL,Philippines,20/03/2022,3674286,569,506.714,58263,240,93.286,33087.692,5.124,4.563,524.67,2.161,0.84,0.77
PHL,Philippines,21/03/2022,3674694,408,485.857,58276,13,93,33091.367,3.674,4.375,524.787,0.117,0.837,0.76
PHL,Philippines,22/03/2022,3674983,289,527.143,58281,5,93.714,33093.969,2.603,4.747,524.832,0.045,0.844,0.76
PHL,Philippines,23/03/2022,3675384,401,473.571,58563,282,118.286,33097.58,3.611,4.265,527.372,2.539,1.065,0.75
PHL,Philippines,24/03/2022,3675821,437,451.429,58771,208,127.286,33101.515,3.935,4.065,529.245,1.873,1.146,0.75
PHL,Philippines,25/03/2022,3676230,409,432.714,58831,60,118.857,33105.199,3.683,3.897,529.785,0.54,1.07,0.75
PHL,Philippines,26/03/2022,3676665,435,421.143,58884,53,123,33109.116,3.917,3.792,530.262,0.477,1.108,0.75
PHL,Philippines,27/03/2022,3676991,326,386.429,59015,131,107.429,33112.051,2.936,3.48,531.442,1.18,0.967,0.74
PHL,Philippines,28/03/2022,3677376,385,383.143,59030,15,107.714,33115.518,3.467,3.45,531.577,0.135,0.97,0.78
PHL,Philippines,29/03/2022,3677616,240,376.143,59038,8,108.143,33117.68,2.161,3.387,531.649,0.072,0.974,0.79
PHL,Philippines,30/03/2022,3677924,308,362.857,59125,87,80.286,33120.453,2.774,3.268,532.433,0.783,0.723,0.78
PHL,Philippines,31/03/2022,3678245,321,346.286,59249,124,68.286,33123.344,2.891,3.118,533.549,1.117,0.615,0.81
PHL,Philippines,01/04/2022,3678598,353,338.286,59298,49,66.714,33126.523,3.179,3.046,533.991,0.441,0.601,0.85
PHL,Philippines,02/04/2022,3678968,370,329,59324,26,62.857,33129.855,3.332,2.963,534.225,0.234,0.566,0.9
PHL,Philippines,03/04/2022,3679629,661,376.857,59343,19,46.857,33135.807,5.952,3.394,534.396,0.171,0.422,0.95
PHL,Philippines,04/04/2022,3679761,132,340.714,59365,22,47.857,33136.996,1.189,3.068,534.594,0.198,0.431,0.82
PHL,Philippines,05/04/2022,3679983,222,338.143,59370,5,47.429,33138.995,1.999,3.045,534.639,0.045,0.427,0.8
PHL,Philippines,06/04/2022,3680244,261,331.429,59422,52,42.429,33141.345,2.35,2.985,535.107,0.468,0.382,0.77
PHL,Philippines,07/04/2022,3680514,270,324.143,59591,169,48.857,33143.777,2.431,2.919,536.629,1.522,0.44,0.78
PHL,Philippines,08/04/2022,3680802,288,314.857,59660,69,51.714,33146.37,2.593,2.835,537.25,0.621,0.466,0.79
PHL,Philippines,09/04/2022,3681101,299,304.714,59730,70,58,33149.063,2.693,2.744,537.881,0.63,0.522,0.8
PHL,Philippines,10/04/2022,3681374,273,249.286,59769,39,60.857,33151.521,2.458,2.245,538.232,0.351,0.548,0.81
PHL,Philippines,11/04/2022,3681646,272,269.286,59777,8,58.857,33153.971,2.449,2.425,538.304,0.072,0.53,0.85
PHL,Philippines,12/04/2022,3681851,205,266.857,59778,1,58.286,33155.817,1.846,2.403,538.313,0.009,0.525,0.85
PHL,Philippines,13/04/2022,3682083,232,262.714,59891,113,67,33157.906,2.089,2.366,539.331,1.018,0.603,0.83
PHL,Philippines,14/04/2022,3682356,273,263.143,59932,41,48.714,33160.364,2.458,2.37,539.7,0.369,0.439,0.84
PHL,Philippines,15/04/2022,3682623,267,260.143,59956,24,42.286,33162.769,2.404,2.343,539.916,0.216,0.381,0.82
PHL,Philippines,16/04/2022,3682847,224,249.429,59964,8,33.429,33164.786,2.017,2.246,539.988,0.072,0.301,0.78
PHL,Philippines,17/04/2022,3683042,195,238.286,59969,5,28.571,33166.542,1.756,2.146,540.033,0.045,0.257,0.77
PHL,Philippines,18/04/2022,3683211,169,223.571,59976,7,28.429,33168.064,1.522,2.013,540.096,0.063,0.256,0.81
PHL,Philippines,19/04/2022,3683367,156,216.571,59982,6,29.143,33169.469,1.405,1.95,540.15,0.054,0.262,0.88
PHL,Philippines,20/04/2022,3683732,365,235.571,59990,8,14.143,33172.756,3.287,2.121,540.222,0.072,0.127,0.95
PHL,Philippines,21/04/2022,3683865,133,215.571,60056,66,17.714,33173.953,1.198,1.941,540.816,0.594,0.16,0.85
PHL,Philippines,22/04/2022,3684094,229,210.143,60118,62,23.143,33176.015,2.062,1.892,541.375,0.558,0.208,0.85
PHL,Philippines,23/04/2022,3684300,206,207.571,60179,61,30.714,33177.871,1.855,1.869,541.924,0.549,0.277,0.83
PHL,Philippines,24/04/2022,3684500,200,208.286,60182,3,30.429,33179.672,1.801,1.876,541.951,0.027,0.274,0.84
PHL,Philippines,25/04/2022,3684712,212,214.429,60194,12,31.143,33181.581,1.909,1.931,542.059,0.108,0.28,0.88
PHL,Philippines,26/04/2022,3684835,123,209.714,60195,1,30.429,33182.688,1.108,1.889,542.068,0.009,0.274,0.87
PHL,Philippines,27/04/2022,3685029,194,185.286,60215,20,32.143,33184.435,1.747,1.669,542.248,0.18,0.289,0.89
PHL,Philippines,28/04/2022,3685222,193,193.857,60267,52,30.143,33186.173,1.738,1.746,542.717,0.468,0.271,0.91
PHL,Philippines,29/04/2022,3685403,181,187,60305,38,26.714,33187.803,1.63,1.684,543.059,0.342,0.241,0.92
PHL,Philippines,30/04/2022,3685643,240,191.857,60341,36,23.143,33189.964,2.161,1.728,543.383,0.324,0.208,0.96
PHL,Philippines,01/05/2022,3685895,252,199.286,60397,56,30.714,33192.234,2.269,1.795,543.887,0.504,0.277,0.97
PHL,Philippines,02/05/2022,3686082,187,195.714,60410,13,30.857,33193.918,1.684,1.762,544.004,0.117,0.278,0.93
PHL,Philippines,03/05/2022,3686216,134,197.286,60412,2,31,33195.124,1.207,1.777,544.022,0.018,0.279,0.89
PHL,Philippines,04/05/2022,3686375,159,192.286,60439,27,32,33196.556,1.432,1.732,544.265,0.243,0.288,0.86
PHL,Philippines,05/05/2022,3686543,168,188.714,60439,0,24.571,33198.069,1.513,1.699,544.265,0,0.221,0.84
PHL,Philippines,06/05/2022,3686693,150,184.286,60439,0,19.143,33199.42,1.351,1.66,544.265,0,0.172,0.82
PHL,Philippines,07/05/2022,3686868,175,175,60439,0,14,33200.996,1.576,1.576,544.265,0,0.126,0.83
PHL,Philippines,08/05/2022,3687018,150,160.429,60439,0,6,33202.347,1.351,1.445,544.265,0,0.054,0.84
PHL,Philippines,09/05/2022,3687197,179,159.286,60439,0,4.143,33203.959,1.612,1.434,544.265,0,0.037,0.88
PHL,Philippines,10/05/2022,3687320,123,157.714,60439,0,3.857,33205.066,1.108,1.42,544.265,0,0.035,0.88
PHL,Philippines,11/05/2022,3687428,108,150.429,60439,0,0,33206.039,0.973,1.355,544.265,0,0,0.86
PHL,Philippines,12/05/2022,3687567,139,146.286,60452,13,1.857,33207.291,1.252,1.317,544.383,0.117,0.017,0.9
PHL,Philippines,13/05/2022,3687748,181,150.714,60455,3,2.286,33208.92,1.63,1.357,544.41,0.027,0.021,0.96
PHL,Philippines,14/05/2022,3687922,174,150.571,60455,0,2.286,33210.487,1.567,1.356,544.41,0,0.021,0.99
PHL,Philippines,15/05/2022,3688132,210,159.143,60455,0,2.286,33212.378,1.891,1.433,544.41,0,0.021,1.03
PHL,Philippines,16/05/2022,3688292,160,156.429,60458,3,2.714,33213.819,1.441,1.409,544.437,0.027,0.024,1.02
PHL,Philippines,17/05/2022,3688001,,,60452,,,33211.199,,,544.383,,,1.02
PHL,Philippines,18/05/2022,3688100,99,137.571,60452,0,2.714,33212.09,0.892,1.239,544.383,0,0.024,
PHL,Philippines,19/05/2022,3688295,195,145.571,60452,0,0.857,33213.846,1.756,1.311,544.383,0,0.008,
PHL,Philippines,20/05/2022,3688508,213,150.143,60455,3,0.857,33215.764,1.918,1.352,544.41,0.027,0.008,
PHL,Philippines,21/05/2022,3688751,243,160,60455,0,0.857,33217.953,2.188,1.441,544.41,0,0.008,
PHL,Philippines,22/05/2022,3688941,190,157.143,60455,0,0.857,33219.664,1.711,1.415,544.41,0,0.008,
